order_id,order_date,ship_date,ship_mode,customer_name,segment,state,country,market,region,product_id,category,sub_category,product_name,sales,quantity,discount,profit,shipping_cost,order_priority,year
CA-2014-107629,2014-12-15,2014-12-15,Same Day,Dave Brooks,Consumer,Illinois,United States,US,Central,TEC-AC-10004510,Technology,Accessories,Logitech Desktop MK120 Mouse and keyboard Combo,39,3,0.2,-4.908,3.35,High,2014
MX-2014-133382,2014-12-15,2014-12-20,Standard Class,Alyssa Tate,Home Office,Chiapas,Mexico,LATAM,North,OFF-FA-10003879,Office Supplies,Fasteners,"Stockwell Thumb Tacks, Assorted Sizes",21,3,0.0,1.86,3.46,High,2014
CA-2014-169859,2014-12-15,2014-12-19,Standard Class,Mike Pelletier,Home Office,California,United States,US,West,FUR-FU-10004963,Furniture,Furnishings,"Eldon 400 Class Desk Accessories, Black Carbon",26,3,0.0,11.025,3.65,High,2014
RW-2014-3070,2014-12-15,2014-12-18,Second Class,Bruce Geld,Consumer,Kigali,Rwanda,Africa,Africa,OFF-XER-10000482,Office Supplies,Paper,"Xerox Note Cards, Multicolor",28,1,0.0,6.93,3.87,High,2014
ES-2014-5605089,2014-12-15,2014-12-19,Standard Class,Anthony Witt,Consumer,Hamburg,Germany,EU,Central,OFF-EN-10003977,Office Supplies,Envelopes,"Cameo Clasp Envelope, Recycled",25,3,0.0,1.98,3.88,High,2014
ES-2014-5605089,2014-12-15,2014-12-19,Standard Class,Anthony Witt,Consumer,Hamburg,Germany,EU,Central,OFF-BI-10000563,Office Supplies,Binders,"Acco Hole Reinforcements, Durable",41,5,0.0,19.05,3.9,High,2014
ES-2014-5605089,2014-12-15,2014-12-19,Standard Class,Anthony Witt,Consumer,Hamburg,Germany,EU,Central,OFF-PA-10004856,Office Supplies,Paper,"Xerox Memo Slips, Recycled",54,4,0.0,8.04,4.28,High,2014
ES-2014-5605089,2014-12-15,2014-12-19,Standard Class,Anthony Witt,Consumer,Hamburg,Germany,EU,Central,OFF-AR-10000799,Office Supplies,Art,"Sanford Highlighters, Easy-Erase",32,2,0.0,1.26,4.36,High,2014
ES-2014-1406762,2014-12-15,2014-12-19,Standard Class,Kelly Andreada,Consumer,Champagne-Ardenne,France,EU,Central,FUR-FU-10004421,Furniture,Furnishings,"Tenex Clock, Durable",71,3,0.5,-8.55,5.2,High,2014
CA-2014-169859,2014-12-15,2014-12-19,Standard Class,Mike Pelletier,Home Office,California,United States,US,West,OFF-BI-10000174,Office Supplies,Binders,"Wilson Jones Clip & Carry Folder Binder Tool for Ring Binders, Clear",65,14,0.2,22.736,5.32,High,2014
MX-2014-111647,2014-12-15,2014-12-19,Second Class,Mitch Gastineau,Corporate,México,Mexico,LATAM,North,OFF-BI-10001507,Office Supplies,Binders,"Ibico Binder, Durable",34,3,0.0,9.48,5.98,High,2014
CA-2014-147333,2014-12-15,2014-12-21,Standard Class,Kelly Lampkin,Corporate,Arkansas,United States,US,South,TEC-AC-10003038,Technology,Accessories,Kingston Digital DataTraveler 16GB USB 2.0,45,5,0.0,8.5025,7.06,Low,2014
CA-2014-169859,2014-12-15,2014-12-19,Standard Class,Mike Pelletier,Home Office,California,United States,US,West,OFF-EN-10000461,Office Supplies,Envelopes,"#10- 4 1/8"" x 9 1/2"" Recycled Envelopes",44,5,0.0,20.539,7.57,High,2014
CA-2014-107629,2014-12-15,2014-12-15,Same Day,Dave Brooks,Consumer,Illinois,United States,US,Central,FUR-FU-10004091,Furniture,Furnishings,"Howard Miller 13"" Diameter Goldtone Round Wall Clock",56,3,0.6,-26.7558,9.5,High,2014
ES-2014-5605089,2014-12-15,2014-12-19,Standard Class,Anthony Witt,Consumer,Hamburg,Germany,EU,Central,OFF-SU-10003072,Office Supplies,Supplies,"Elite Trimmer, Serrated",77,2,0.0,36.06,9.04,High,2014
ES-2014-2286229,2014-12-15,2014-12-21,Standard Class,Bruce Geld,Consumer,Languedoc-Roussillon,France,EU,Central,FUR-FU-10000567,Furniture,Furnishings,"Rubbermaid Light Bulb, Erganomic",122,7,0.0,58.59,9.12,Medium,2014
ES-2014-4252380,2014-12-15,2014-12-19,Standard Class,Eric Murdock,Consumer,Lower Saxony,Germany,EU,Central,OFF-AR-10004825,Office Supplies,Art,"BIC Canvas, Fluorescent",55,2,0.5,-16.5,3.24,Medium,2014
MX-2014-138184,2014-12-15,2014-12-22,Standard Class,Jane Waco,Corporate,Santa Ana,El Salvador,LATAM,Central,TEC-AC-10004951,Technology,Accessories,"Memorex Mouse, Erganomic",52,3,0.0,18.66,4.8,Medium,2014
ID-2014-51754,2014-12-15,2014-12-19,Standard Class,Mitch Willingham,Corporate,National Capital,Philippines,APAC,Southeast Asia,OFF-SU-10004077,Office Supplies,Supplies,"Acme Letter Opener, Easy Grip",53,3,0.45,-3.8205,2.98,Medium,2014
NI-2014-1910,2014-12-15,2014-12-19,Standard Class,James Galang,Consumer,Oyo,Nigeria,Africa,Africa,OFF-AME-10001641,Office Supplies,Envelopes,"Ames Interoffice Envelope, Recycled",13,1,0.7,-11.004,0.83,Medium,2014
IR-2014-6370,2014-12-15,2014-12-18,First Class,Sean Christensen,Consumer,Lorestan,Iran,EMEA,EMEA,OFF-STA-10000298,Office Supplies,Art,"Stanley Canvas, Blue",49,1,0.0,7.89,2.92,High,2014
RW-2014-3070,2014-12-15,2014-12-18,Second Class,Bruce Geld,Consumer,Kigali,Rwanda,Africa,Africa,OFF-ENE-10002922,Office Supplies,Paper,"Enermax Note Cards, Premium",57,2,0.0,5.7,9.84,High,2014
CA-2014-122595,2014-12-15,2014-12-21,Standard Class,Gary Mitchum,Home Office,Illinois,United States,US,Central,FUR-FU-10002963,Furniture,Furnishings,"Master Caster Door Stop, Gray",2,1,0.6,-1.3208,0.1,Medium,2014
ES-2014-2286229,2014-12-15,2014-12-21,Standard Class,Bruce Geld,Consumer,Languedoc-Roussillon,France,EU,Central,OFF-AR-10002805,Office Supplies,Art,"Boston Sketch Pad, Blue",49,1,0.0,20.88,0.81,Medium,2014
ES-2014-4252380,2014-12-15,2014-12-19,Standard Class,Eric Murdock,Consumer,Lower Saxony,Germany,EU,Central,OFF-FA-10002248,Office Supplies,Fasteners,"Stockwell Staples, Assorted Sizes",12,3,0.5,-1.755,0.97,Medium,2014
IZ-2014-6520,2014-12-15,2014-12-21,Standard Class,Logan Currie,Consumer,Al Basrah,Iraq,EMEA,EMEA,OFF-AVE-10000432,Office Supplies,Binders,"Avery Index Tab, Clear",23,4,0.0,6.24,1.27,Medium,2014
US-2014-129546,2014-12-15,2014-12-19,Standard Class,Susan Gilcrest,Corporate,Buenos Aires,Argentina,LATAM,South,OFF-ST-10000880,Office Supplies,Storage,"Rogers Box, Blue",19,2,0.4,-0.024,1.3,High,2014
CA-2014-122595,2014-12-15,2014-12-21,Standard Class,Gary Mitchum,Home Office,Illinois,United States,US,Central,TEC-PH-10003095,Technology,Phones,Samsung HM1900 Bluetooth Headset,53,3,0.2,19.755,1.36,Medium,2014
RW-2014-3070,2014-12-15,2014-12-18,Second Class,Bruce Geld,Consumer,Kigali,Rwanda,Africa,Africa,OFF-IBI-10000080,Office Supplies,Binders,"Ibico Binder, Recycled",16,1,0.0,1.26,1.52,High,2014
CA-2014-151799,2014-12-15,2014-12-19,Standard Class,Ben Ferrer,Home Office,Massachusetts,United States,US,East,OFF-SU-10001664,Office Supplies,Supplies,Acme Office Executive Series Stainless Steel Trimmers,26,3,0.0,6.6846,2.98,High,2014
NI-2014-1910,2014-12-15,2014-12-19,Standard Class,James Galang,Consumer,Oyo,Nigeria,Africa,Africa,FUR-DAN-10002967,Furniture,Bookcases,"Dania 3-Shelf Cabinet, Metal",42,1,0.7,-70.467,1.56,Medium,2014
ES-2014-2275791,2014-12-15,2014-12-19,Standard Class,Mark Van Huff,Consumer,Ile-de-France,France,EU,Central,OFF-FA-10004344,Office Supplies,Fasteners,"Advantus Thumb Tacks, Assorted Sizes",22,2,0.0,3.3,1.75,Medium,2014
IN-2014-66027,2014-12-15,2014-12-19,Standard Class,Susan Vittorini,Consumer,Jawa Timur,Indonesia,APAC,Southeast Asia,OFF-AR-10002400,Office Supplies,Art,"Boston Highlighters, Water Color",32,2,0.27,-8.427,1.79,Medium,2014
IT-2014-1792968,2014-12-15,2014-12-17,First Class,Roger Barcio,Home Office,Dublin,Ireland,EU,North,OFF-PA-10001844,Office Supplies,Paper,"Eaton Message Books, 8.5 x 11",37,3,0.5,-4.5,1.8,Medium,2014
TU-2014-3530,2014-12-15,2014-12-19,Standard Class,Alan Barnes,Consumer,Adana,Turkey,EMEA,EMEA,OFF-KRA-10002789,Office Supplies,Envelopes,"Kraft Peel and Seal, with clear poly window",19,2,0.6,-15.876,1.97,Medium,2014
NI-2014-1910,2014-12-15,2014-12-19,Standard Class,James Galang,Consumer,Oyo,Nigeria,Africa,Africa,OFF-STI-10002040,Office Supplies,Supplies,"Stiletto Ruler, Easy Grip",30,6,0.7,-28.8,2.01,Medium,2014
CA-2014-151799,2014-12-15,2014-12-19,Standard Class,Ben Ferrer,Home Office,Massachusetts,United States,US,East,OFF-FA-10001332,Office Supplies,Fasteners,"Acco Banker's Clasps, 5 3/4""-Long",17,6,0.0,8.1216,2.05,High,2014
TU-2014-8520,2014-12-15,2014-12-20,Standard Class,Michelle Arnett,Home Office,Kastamonu,Turkey,EMEA,EMEA,OFF-FIS-10004721,Office Supplies,Supplies,"Fiskars Box Cutter, Serrated",26,2,0.6,-18.084,2.26,High,2014
ES-2014-1406762,2014-12-15,2014-12-19,Standard Class,Kelly Andreada,Consumer,Champagne-Ardenne,France,EU,Central,OFF-LA-10003233,Office Supplies,Labels,"Avery Removable Labels, Alphabetical",16,3,0.5,-9.9,2.48,High,2014
ES-2014-5605089,2014-12-15,2014-12-19,Standard Class,Anthony Witt,Consumer,Hamburg,Germany,EU,Central,OFF-AR-10001269,Office Supplies,Art,"BIC Markers, Water Color",59,2,0.0,20.7,1.57,High,2014
IN-2014-14374,2014-12-15,2014-12-19,Standard Class,Erin Mull,Consumer,Gujarat,India,APAC,Central Asia,OFF-BI-10000721,Office Supplies,Binders,"Ibico Binder Covers, Recycled",112,8,0.0,4.32,10.2,High,2014
IN-2014-15333,2014-12-15,2014-12-20,Standard Class,Corey Catlett,Corporate,Victoria,Australia,APAC,Oceania,FUR-CH-10004584,Furniture,Chairs,"Office Star Steel Folding Chair, Set of Two",592,7,0.1,216.888,100.22,High,2014
MX-2014-127901,2014-12-15,2014-12-19,Standard Class,Aaron Bergman,Consumer,San Salvador,El Salvador,LATAM,Central,OFF-SU-10003892,Office Supplies,Supplies,"Acme Box Cutter, High Speed",151,6,0.0,75.6,10.79,Medium,2014
CA-2014-107629,2014-12-15,2014-12-15,Same Day,Dave Brooks,Consumer,Illinois,United States,US,Central,FUR-FU-10002298,Furniture,Furnishings,"Rubbermaid ClusterMat Chairmats, Mat Size- 66"" x 60"", Lip 20"" x 11"" -90 Degree Angle",266,6,0.6,-292.9872,42.9,High,2014
IN-2014-57571,2014-12-15,2014-12-16,First Class,Dean Braden,Consumer,Victoria,Australia,APAC,Oceania,FUR-FU-10000526,Furniture,Furnishings,"Deflect-O Frame, Durable",482,5,0.1,176.565,55.3,Critical,2014
MX-2014-127901,2014-12-15,2014-12-19,Standard Class,Aaron Bergman,Consumer,San Salvador,El Salvador,LATAM,Central,FUR-CH-10004669,Furniture,Chairs,"Novimex Executive Leather Armchair, Black",611,2,0.0,238.12,57.83,Medium,2014
US-2014-113992,2014-12-15,2014-12-20,Standard Class,Lena Creighton,Consumer,Texas,United States,US,Central,FUR-TA-10000577,Furniture,Tables,Bretford CR4500 Series Slim Rectangular Table,975,4,0.3,-97.4988,67.0,Medium,2014
US-2014-129546,2014-12-15,2014-12-19,Standard Class,Susan Gilcrest,Corporate,Buenos Aires,Argentina,LATAM,South,FUR-TA-10000750,Furniture,Tables,"Hon Round Table, Fully Assembled",414,4,0.7,-551.936,74.4,High,2014
IT-2014-5786031,2014-12-15,2014-12-17,Second Class,Craig Carreira,Consumer,Rhône-Alpes,France,EU,Central,TEC-AC-10002322,Technology,Accessories,"Memorex Memory Card, Bluetooth",307,3,0.0,64.35,74.58,Critical,2014
CA-2014-151799,2014-12-15,2014-12-19,Standard Class,Ben Ferrer,Home Office,Massachusetts,United States,US,East,FUR-TA-10003473,Furniture,Tables,Bretford Rectangular Conference Table Tops,527,2,0.3,-52.6582,75.37,High,2014
ES-2014-5481990,2014-12-15,2014-12-17,Second Class,Bruce Geld,Consumer,Brittany,France,EU,Central,OFF-BI-10002172,Office Supplies,Binders,"Acco Binding Machine, Recycled",309,6,0.0,77.04,89.02,Critical,2014
IR-2014-6370,2014-12-15,2014-12-18,First Class,Sean Christensen,Consumer,Lorestan,Iran,EMEA,EMEA,TEC-HEW-10004690,Technology,Copiers,"Hewlett Fax and Copier, High-Speed",764,4,0.0,183.36,91.04,High,2014
ES-2014-1406762,2014-12-15,2014-12-19,Standard Class,Kelly Andreada,Consumer,Champagne-Ardenne,France,EU,Central,FUR-CH-10002275,Furniture,Chairs,"Novimex Executive Leather Armchair, Adjustable",1473,8,0.6,-1694.592,93.64,High,2014
MX-2014-127061,2014-12-15,2014-12-17,Second Class,Cindy Chapman,Consumer,Maranhão,Brazil,LATAM,South,FUR-TA-10001289,Furniture,Tables,"Lesro Conference Table, Fully Assembled",458,1,0.2,57.26,100.1,Critical,2014
ES-2014-5481990,2014-12-15,2014-12-17,Second Class,Bruce Geld,Consumer,Brittany,France,EU,Central,FUR-FU-10001086,Furniture,Furnishings,"Advantus Frame, Black",667,6,0.0,133.2,125.29,Critical,2014
CA-2014-151799,2014-12-15,2014-12-19,Standard Class,Ben Ferrer,Home Office,Massachusetts,United States,US,East,TEC-CO-10002313,Technology,Copiers,Canon PC1080F Personal Copier,1200,2,0.0,467.9922,150.76,High,2014
US-2014-112725,2014-12-15,2014-12-21,Standard Class,Roland Murray,Consumer,Santo Domingo,Dominican Republic,LATAM,Caribbean,FUR-BO-10000087,Furniture,Bookcases,"Sauder Corner Shelving, Pine",178,3,0.4,-53.52,10.74,Medium,2014
ES-2014-5605089,2014-12-15,2014-12-19,Standard Class,Anthony Witt,Consumer,Hamburg,Germany,EU,Central,TEC-PH-10004823,Technology,Phones,"Nokia Smart Phone, Full Size",1272,2,0.0,546.96,187.69,High,2014
MX-2014-127061,2014-12-15,2014-12-17,Second Class,Cindy Chapman,Consumer,Maranhão,Brazil,LATAM,South,TEC-PH-10003580,Technology,Phones,"Apple Speaker Phone, Full Size",498,6,0.0,9.96,195.37,Critical,2014
IN-2014-74847,2014-12-15,2014-12-17,Second Class,Dave Brooks,Consumer,Sichuan,China,APAC,North Asia,TEC-PH-10004618,Technology,Phones,"Motorola Signal Booster, Cordless",2044,14,0.0,756.0,321.36,High,2014
US-2014-129546,2014-12-15,2014-12-19,Standard Class,Susan Gilcrest,Corporate,Buenos Aires,Argentina,LATAM,South,FUR-CH-10002093,Furniture,Chairs,"Harbour Creations Rocking Chair, Adjustable",179,3,0.4,-12.024,41.14,High,2014
IN-2014-11896,2014-12-15,2014-12-19,Second Class,Katharine Harms,Corporate,Guangdong,China,APAC,North Asia,FUR-BO-10001822,Furniture,Bookcases,"Dania Library with Doors, Metal",362,1,0.0,10.83,35.59,High,2014
IN-2014-66027,2014-12-15,2014-12-19,Standard Class,Susan Vittorini,Consumer,Jawa Timur,Indonesia,APAC,Southeast Asia,FUR-BO-10002387,Furniture,Bookcases,"Safco Library with Doors, Metal",2534,7,0.07,136.2375,163.3,Medium,2014
IN-2014-14374,2014-12-15,2014-12-19,Standard Class,Erin Mull,Consumer,Gujarat,India,APAC,Central Asia,OFF-SU-10002649,Office Supplies,Supplies,"Elite Shears, Serrated",393,9,0.0,145.53,32.71,High,2014
MX-2014-111647,2014-12-15,2014-12-19,Second Class,Mitch Gastineau,Corporate,México,Mexico,LATAM,North,TEC-PH-10003522,Technology,Phones,"Apple Headset, Full Size",249,5,0.0,111.8,33.16,High,2014
MX-2014-156160,2014-12-15,2014-12-19,Standard Class,Sibella Parks,Corporate,Querétaro,Mexico,LATAM,North,FUR-BO-10001969,Furniture,Bookcases,"Sauder 3-Shelf Cabinet, Pine",179,2,0.2,-42.568,11.25,Medium,2014
CA-2014-122595,2014-12-15,2014-12-21,Standard Class,Gary Mitchum,Home Office,Illinois,United States,US,Central,TEC-AC-10000474,Technology,Accessories,Kensington Expert Mouse Optical USB Trackball for PC or Mac,228,3,0.2,28.497,11.96,Medium,2014
ES-2014-5605089,2014-12-15,2014-12-19,Standard Class,Anthony Witt,Consumer,Hamburg,Germany,EU,Central,OFF-AR-10001529,Office Supplies,Art,"Binney & Smith Pencil Sharpener, Easy-Erase",168,6,0.0,18.36,12.58,High,2014
MX-2014-127061,2014-12-15,2014-12-17,Second Class,Cindy Chapman,Consumer,Maranhão,Brazil,LATAM,South,FUR-FU-10000251,Furniture,Furnishings,"Deflect-O Door Stop, Duo Pack",59,2,0.0,15.84,12.83,Critical,2014
ES-2014-5605089,2014-12-15,2014-12-19,Standard Class,Anthony Witt,Consumer,Hamburg,Germany,EU,Central,OFF-AR-10002255,Office Supplies,Art,"Boston Sketch Pad, Water Color",155,3,0.0,4.59,13.74,High,2014
ES-2014-5481990,2014-12-15,2014-12-17,Second Class,Bruce Geld,Consumer,Brittany,France,EU,Central,OFF-AR-10002433,Office Supplies,Art,"Stanley Pens, Easy-Erase",41,4,0.0,18.12,14.15,Critical,2014
MX-2014-156160,2014-12-15,2014-12-19,Standard Class,Sibella Parks,Corporate,Querétaro,Mexico,LATAM,North,OFF-AR-10002486,Office Supplies,Art,"Sanford Pencil Sharpener, Water Color",174,9,0.0,50.4,14.53,Medium,2014
CA-2014-151799,2014-12-15,2014-12-19,Standard Class,Ben Ferrer,Home Office,Massachusetts,United States,US,East,OFF-ST-10002790,Office Supplies,Storage,Safco Industrial Shelving,74,1,0.0,2.2155,12.03,High,2014
IZ-2014-6520,2014-12-15,2014-12-21,Standard Class,Logan Currie,Consumer,Al Basrah,Iraq,EMEA,EMEA,OFF-STA-10000244,Office Supplies,Art,"Stanley Sketch Pad, Fluorescent",366,8,0.0,58.32,16.9,Medium,2014
ES-2014-5481990,2014-12-15,2014-12-17,Second Class,Bruce Geld,Consumer,Brittany,France,EU,Central,OFF-ST-10004996,Office Supplies,Storage,"Tenex Trays, Blue",49,1,0.1,5.949,18.58,Critical,2014
ES-2014-5605089,2014-12-15,2014-12-19,Standard Class,Anthony Witt,Consumer,Hamburg,Germany,EU,Central,TEC-AC-10004269,Technology,Accessories,"Belkin Memory Card, USB",115,1,0.0,0.0,19.18,High,2014
ES-2014-5605089,2014-12-15,2014-12-19,Standard Class,Anthony Witt,Consumer,Hamburg,Germany,EU,Central,OFF-BI-10003917,Office Supplies,Binders,"Wilson Jones 3-Hole Punch, Recycled",255,9,0.0,76.41,23.56,High,2014
CA-2014-107629,2014-12-15,2014-12-15,Same Day,Dave Brooks,Consumer,Illinois,United States,US,Central,OFF-AR-10002987,Office Supplies,Art,Prismacolor Color Pencil Set,95,6,0.2,24.9984,24.69,High,2014
CA-2014-147333,2014-12-15,2014-12-21,Standard Class,Kelly Lampkin,Corporate,Arkansas,United States,US,South,TEC-AC-10004469,Technology,Accessories,Microsoft Sculpt Comfort Mouse,160,4,0.0,70.312,25.83,Low,2014
IT-2014-5410095,2014-12-15,2014-12-21,Standard Class,Scot Coram,Corporate,Stockholm,Sweden,EU,North,OFF-BI-10003616,Office Supplies,Binders,"Avery Binding Machine, Clear",314,13,0.5,-238.68,27.42,Low,2014
IN-2014-14374,2014-12-15,2014-12-19,Standard Class,Erin Mull,Consumer,Gujarat,India,APAC,Central Asia,TEC-AC-10001352,Technology,Accessories,"SanDisk Numeric Keypad, Bluetooth",111,2,0.0,12.12,15.11,High,2014
IZ-2014-6520,2014-12-15,2014-12-21,Standard Class,Logan Currie,Consumer,Al Basrah,Iraq,EMEA,EMEA,OFF-ELD-10000151,Office Supplies,Storage,"Eldon File Cart, Industrial",256,2,0.0,30.66,32.61,Medium,2014
IN-2014-64753,2014-12-16,2014-12-20,Standard Class,Emily Burns,Consumer,Gujarat,India,APAC,Central Asia,OFF-AR-10000387,Office Supplies,Art,"Sanford Highlighters, Water Color",38,2,0.0,16.98,3.06,High,2014
SA-2014-2790,2014-12-16,2014-12-20,Standard Class,Richard Eichhorn,Consumer,Ar Riyad,Saudi Arabia,EMEA,EMEA,OFF-STO-10001239,Office Supplies,Fasteners,"Stockwell Clamps, Metal",19,1,0.0,0.36,3.48,High,2014
ES-2014-2823477,2014-12-16,2014-12-16,Same Day,Maya Herman,Corporate,Ile-de-France,France,EU,Central,OFF-EN-10003854,Office Supplies,Envelopes,"Jiffy Clasp Envelope, Security-Tint",11,1,0.0,1.74,3.83,Critical,2014
IT-2014-2436545,2014-12-16,2014-12-21,Standard Class,MaryBeth Skach,Consumer,England,United Kingdom,EU,North,OFF-AR-10001777,Office Supplies,Art,"Binney & Smith Sketch Pad, Water Color",74,3,0.5,-25.29,4.76,Medium,2014
EG-2014-5490,2014-12-16,2014-12-20,Standard Class,Keith Herrera,Consumer,Al Iskandariyah,Egypt,Africa,Africa,OFF-BOS-10002340,Office Supplies,Art,"Boston Markers, Blue",53,2,0.0,21.6,4.77,Medium,2014
ES-2014-3655961,2014-12-16,2014-12-21,Standard Class,Phillip Breyer,Corporate,Ile-de-France,France,EU,Central,OFF-PA-10000450,Office Supplies,Paper,"Green Bar Note Cards, Multicolor",68,2,0.0,27.78,4.86,Medium,2014
NI-2014-2140,2014-12-16,2014-12-21,Standard Class,Matt Collins,Consumer,Lagos,Nigeria,Africa,Africa,OFF-CAR-10003030,Office Supplies,Binders,"Cardinal Index Tab, Economy",3,1,0.7,-2.112,0.17,Medium,2014
MX-2014-135167,2014-12-16,2014-12-20,Second Class,Chuck Magee,Consumer,Chiapas,Mexico,LATAM,North,OFF-EN-10003577,Office Supplies,Envelopes,"GlobeWeis Manila Envelope, with clear poly window",62,3,0.0,4.92,5.5,Medium,2014
EG-2014-5490,2014-12-16,2014-12-20,Standard Class,Keith Herrera,Consumer,Al Iskandariyah,Egypt,Africa,Africa,OFF-BIC-10000041,Office Supplies,Art,"BIC Markers, Blue",106,4,0.0,2.04,5.72,Medium,2014
ID-2014-83499,2014-12-16,2014-12-17,First Class,Roy Französisch,Consumer,Auckland,New Zealand,APAC,Oceania,OFF-EN-10003729,Office Supplies,Envelopes,"Kraft Manila Envelope, Recycled",30,2,0.4,-4.572,6.48,High,2014
ES-2014-5735654,2014-12-16,2014-12-20,Standard Class,Steven Ward,Corporate,England,United Kingdom,EU,North,OFF-LA-10003283,Office Supplies,Labels,"Harbour Creations Removable Labels, Adjustable",50,6,0.0,6.84,6.51,High,2014
ID-2014-71403,2014-12-16,2014-12-20,Standard Class,Luke Schmidt,Corporate,Jawa Barat,Indonesia,APAC,Southeast Asia,OFF-LA-10000732,Office Supplies,Labels,"Novimex Round Labels, 5000 Label Set",25,7,0.47,-7.6314,2.8,Medium,2014
CA-2014-154116,2014-12-16,2014-12-20,Standard Class,Khloe Miller,Consumer,California,United States,US,West,OFF-AP-10000027,Office Supplies,Appliances,Hoover Commercial SteamVac,54,4,0.0,16.296,6.72,High,2014
SU-2014-7720,2014-12-16,2014-12-21,Second Class,Naresj Patel,Consumer,White Nile,Sudan,Africa,Africa,OFF-GRE-10003943,Office Supplies,Paper,"Green Bar Message Books, Multicolor",50,2,0.0,24.18,5.25,Medium,2014
NI-2014-2140,2014-12-16,2014-12-21,Standard Class,Matt Collins,Consumer,Lagos,Nigeria,Africa,Africa,FUR-OFF-10001661,Furniture,Chairs,"Office Star Chairmat, Red",39,2,0.7,-39.528,2.5,Medium,2014
MX-2014-152345,2014-12-16,2014-12-19,First Class,John Dryer,Consumer,Masaya,Nicaragua,LATAM,Central,OFF-BI-10000517,Office Supplies,Binders,"Acco Binder, Durable",22,2,0.0,11.08,0.96,High,2014
IN-2014-84353,2014-12-16,2014-12-20,Standard Class,Joseph Holt,Consumer,New South Wales,Australia,APAC,Oceania,FUR-FU-10000669,Furniture,Furnishings,"Eldon Stacking Tray, Duo Pack",32,1,0.0,2.52,2.39,Medium,2014
ES-2014-1817870,2014-12-16,2014-12-19,Second Class,Ionia McGrath,Consumer,Valenciana,Spain,EU,South,OFF-ST-10001358,Office Supplies,Storage,"Rogers Folders, Wire Frame",54,2,0.1,0.588,7.07,High,2014
NI-2014-3670,2014-12-16,2014-12-21,Standard Class,Andy Gerbode,Corporate,Lagos,Nigeria,Africa,Africa,OFF-ACC-10000218,Office Supplies,Binders,"Acco Hole Reinforcements, Durable",2,1,0.7,-1.902,0.21,Medium,2014
NI-2014-3670,2014-12-16,2014-12-21,Standard Class,Andy Gerbode,Corporate,Lagos,Nigeria,Africa,Africa,OFF-EAT-10004051,Office Supplies,Paper,"Eaton Memo Slips, Recycled",4,1,0.7,-6.705,0.34,Medium,2014
IZ-2014-4610,2014-12-16,2014-12-21,Second Class,Jenna Caffey,Consumer,Arbil,Iraq,EMEA,EMEA,OFF-IBI-10003732,Office Supplies,Binders,"Ibico Hole Reinforcements, Durable",8,1,0.0,2.37,0.36,Medium,2014
CA-2014-136063,2014-12-16,2014-12-20,Standard Class,Saphhira Shifley,Corporate,Illinois,United States,US,Central,OFF-AR-10000823,Office Supplies,Art,Newell 307,10,7,0.2,1.0192,0.59,Medium,2014
ID-2014-71403,2014-12-16,2014-12-20,Standard Class,Luke Schmidt,Corporate,Jawa Barat,Indonesia,APAC,Southeast Asia,OFF-AR-10002665,Office Supplies,Art,"Binney & Smith Markers, Easy-Erase",36,2,0.27,-10.2744,0.64,Medium,2014
EG-2014-5490,2014-12-16,2014-12-20,Standard Class,Keith Herrera,Consumer,Al Iskandariyah,Egypt,Africa,Africa,OFF-BOS-10001348,Office Supplies,Art,"Boston Pencil Sharpener, Water Color",32,1,0.0,16.05,2.42,Medium,2014
ES-2014-4639645,2014-12-16,2014-12-20,Standard Class,Adam Shillingsburg,Consumer,Castile and León,Spain,EU,South,OFF-LA-10004332,Office Supplies,Labels,"Novimex File Folder Labels, Adjustable",12,2,0.0,2.46,0.75,High,2014
SA-2014-2790,2014-12-16,2014-12-20,Standard Class,Richard Eichhorn,Consumer,Ar Riyad,Saudi Arabia,EMEA,EMEA,OFF-STA-10001895,Office Supplies,Art,"Stanley Pens, Easy-Erase",10,1,0.0,4.53,1.47,High,2014
CA-2014-119564,2014-12-16,2014-12-21,Standard Class,Paul Lucas,Home Office,Washington,United States,US,West,FUR-FU-10003096,Furniture,Furnishings,"Master Giant Foot Doorstop, Safety Yellow",23,3,0.0,9.7911,1.6,Medium,2014
CA-2014-154116,2014-12-16,2014-12-20,Standard Class,Khloe Miller,Consumer,California,United States,US,West,OFF-PA-10004569,Office Supplies,Paper,"Wirebound Message Books, Two 4 1/4"" x 5"" Forms per Page",23,3,0.0,10.7301,1.83,High,2014
ID-2014-71403,2014-12-16,2014-12-20,Standard Class,Luke Schmidt,Corporate,Jawa Barat,Indonesia,APAC,Southeast Asia,OFF-EN-10002613,Office Supplies,Envelopes,"Ames Clasp Envelope, Security-Tint",20,4,0.47,-13.488,1.87,Medium,2014
ES-2014-3655961,2014-12-16,2014-12-21,Standard Class,Phillip Breyer,Corporate,Ile-de-France,France,EU,Central,OFF-EN-10002065,Office Supplies,Envelopes,"Ames Clasp Envelope, Set of 50",36,5,0.0,16.2,1.87,Medium,2014
EG-2014-5490,2014-12-16,2014-12-20,Standard Class,Keith Herrera,Consumer,Al Iskandariyah,Egypt,Africa,Africa,OFF-CAR-10000202,Office Supplies,Binders,"Cardinal Binding Machine, Clear",49,1,0.0,19.68,2.18,Medium,2014
ID-2014-71403,2014-12-16,2014-12-20,Standard Class,Luke Schmidt,Corporate,Jawa Barat,Indonesia,APAC,Southeast Asia,OFF-PA-10004380,Office Supplies,Paper,"SanDisk Memo Slips, Multicolor",19,2,0.47,-12.9066,1.3,Medium,2014
IZ-2014-4610,2014-12-16,2014-12-21,Second Class,Jenna Caffey,Consumer,Arbil,Iraq,EMEA,EMEA,TEC-BEL-10002678,Technology,Accessories,"Belkin Memory Card, Erganomic",113,1,0.0,56.31,8.12,Medium,2014
ES-2014-1314291,2014-12-16,2014-12-22,Standard Class,Randy Bradley,Consumer,Lorraine,France,EU,Central,OFF-FA-10001783,Office Supplies,Fasteners,"Stockwell Rubber Bands, Metal",83,5,0.0,39.9,5.73,Medium,2014
MX-2014-152345,2014-12-16,2014-12-19,First Class,John Dryer,Consumer,Masaya,Nicaragua,LATAM,Central,OFF-PA-10001878,Office Supplies,Paper,"Enermax Cards & Envelopes, Premium",63,2,0.0,7.52,8.5,High,2014
IN-2014-35507,2014-12-16,2014-12-17,First Class,Alice McCarthy,Corporate,Chittagong,Bangladesh,APAC,Central Asia,OFF-FA-10000746,Office Supplies,Fasteners,"Advantus Thumb Tacks, 12 Pack",78,6,0.0,5.4,21.97,Critical,2014
ES-2014-1314291,2014-12-16,2014-12-22,Standard Class,Randy Bradley,Consumer,Lorraine,France,EU,Central,OFF-ST-10004367,Office Supplies,Storage,"Rogers Trays, Blue",278,5,0.1,61.56,22.16,Medium,2014
MX-2014-112214,2014-12-16,2014-12-22,Standard Class,Robert Waldorf,Consumer,Santa Ana,El Salvador,LATAM,Central,TEC-PH-10002816,Technology,Phones,"Samsung Signal Booster, Cordless",465,5,0.0,148.7,23.19,Medium,2014
IN-2014-62135,2014-12-16,2014-12-21,Standard Class,Parhena Norris,Home Office,Karnataka,India,APAC,Central Asia,FUR-CH-10004826,Furniture,Chairs,"Hon Steel Folding Chair, Set of Two",418,5,0.0,204.9,26.42,Medium,2014
ID-2014-71403,2014-12-16,2014-12-20,Standard Class,Luke Schmidt,Corporate,Jawa Barat,Indonesia,APAC,Southeast Asia,FUR-CH-10003836,Furniture,Chairs,"Harbour Creations Rocking Chair, Red",322,3,0.27,-4.4829,28.35,Medium,2014
ID-2014-84661,2014-12-16,2014-12-21,Second Class,Resi Pölking,Consumer,Auckland,New Zealand,APAC,Oceania,FUR-BO-10001362,Furniture,Bookcases,"Ikea Classic Bookcase, Metal",493,2,0.4,-205.608,35.6,Medium,2014
ES-2014-2468091,2014-12-16,2014-12-16,Same Day,Michael Chen,Consumer,Ile-de-France,France,EU,Central,OFF-BI-10000346,Office Supplies,Binders,"Ibico 3-Hole Punch, Clear",90,3,0.0,35.82,19.31,High,2014
ES-2014-2606695,2014-12-16,2014-12-21,Standard Class,Michelle Moray,Consumer,England,United Kingdom,EU,North,OFF-ST-10001818,Office Supplies,Storage,"Smead Trays, Blue",388,8,0.0,50.4,37.23,Medium,2014
ES-2014-2468091,2014-12-16,2014-12-16,Same Day,Michael Chen,Consumer,Ile-de-France,France,EU,Central,TEC-AC-10000657,Technology,Accessories,"Enermax Memory Card, Bluetooth",229,2,0.0,36.6,63.82,High,2014
ID-2014-71403,2014-12-16,2014-12-20,Standard Class,Luke Schmidt,Corporate,Jawa Barat,Indonesia,APAC,Southeast Asia,OFF-AP-10002351,Office Supplies,Appliances,"Hamilton Beach Refrigerator, Silver",831,2,0.17,230.3808,65.91,Medium,2014
ES-2014-5249912,2014-12-16,2014-12-23,Standard Class,Shirley Daniels,Home Office,England,United Kingdom,EU,North,OFF-ST-10001758,Office Supplies,Storage,"Rogers Lockers, Blue",1058,5,0.0,73.95,111.93,Medium,2014
IN-2014-11231,2014-12-16,2014-12-19,First Class,Cari Sayre,Corporate,Uttarakhand,India,APAC,Central Asia,FUR-BO-10000676,Furniture,Bookcases,"Bush Stackable Bookrack, Pine",630,5,0.0,31.5,181.05,Critical,2014
IN-2014-11231,2014-12-16,2014-12-19,First Class,Cari Sayre,Corporate,Uttarakhand,India,APAC,Central Asia,FUR-TA-10001205,Furniture,Tables,"Chromcraft Wood Table, Rectangular",1920,4,0.0,652.92,592.77,Critical,2014
IT-2014-4010610,2014-12-16,2014-12-20,Standard Class,Emily Ducich,Home Office,England,United Kingdom,EU,North,OFF-AR-10000399,Office Supplies,Art,"Stanley Canvas, Water Color",105,2,0.0,46.32,8.22,High,2014
IZ-2014-4610,2014-12-16,2014-12-21,Second Class,Jenna Caffey,Consumer,Arbil,Iraq,EMEA,EMEA,FUR-OFF-10001132,Furniture,Chairs,"Office Star Swivel Stool, Adjustable",353,2,0.0,35.28,47.39,Medium,2014
MX-2014-135167,2014-12-16,2014-12-20,Second Class,Chuck Magee,Consumer,Chiapas,Mexico,LATAM,North,OFF-SU-10004643,Office Supplies,Supplies,"Elite Trimmer, Easy Grip",173,6,0.0,43.2,19.03,Medium,2014
ES-2014-5735654,2014-12-16,2014-12-20,Standard Class,Steven Ward,Corporate,England,United Kingdom,EU,North,TEC-AC-10000097,Technology,Accessories,"Memorex Keyboard, Bluetooth",214,3,0.0,29.88,36.97,High,2014
ES-2014-3655961,2014-12-16,2014-12-21,Standard Class,Phillip Breyer,Corporate,Ile-de-France,France,EU,Central,OFF-ST-10001999,Office Supplies,Storage,"Tenex Folders, Wire Frame",261,13,0.1,109.863,18.42,Medium,2014
CA-2014-154116,2014-12-16,2014-12-20,Standard Class,Khloe Miller,Consumer,California,United States,US,West,TEC-PH-10000675,Technology,Phones,Panasonic KX TS3282B Corded phone,197,3,0.2,14.7582,18.43,High,2014
IT-2014-1737279,2014-12-16,2014-12-20,Standard Class,Barry Französisch,Corporate,Champagne-Ardenne,France,EU,Central,OFF-AR-10004115,Office Supplies,Art,"Sanford Markers, Blue",81,7,0.5,-50.505,8.69,Medium,2014
EG-2014-5490,2014-12-16,2014-12-20,Standard Class,Keith Herrera,Consumer,Al Iskandariyah,Egypt,Africa,Africa,FUR-TEN-10000986,Furniture,Furnishings,"Tenex Frame, Duo Pack",110,1,0.0,8.79,9.37,Medium,2014
ES-2014-3655961,2014-12-16,2014-12-21,Standard Class,Phillip Breyer,Corporate,Ile-de-France,France,EU,Central,TEC-AC-10004679,Technology,Accessories,"Enermax Flash Drive, Programmable",129,3,0.0,46.44,9.6,Medium,2014
SU-2014-7720,2014-12-16,2014-12-21,Second Class,Naresj Patel,Consumer,White Nile,Sudan,Africa,Africa,OFF-SAN-10004288,Office Supplies,Art,"Sanford Sketch Pad, Blue",91,2,0.0,2.7,9.61,Medium,2014
SA-2014-2790,2014-12-16,2014-12-20,Standard Class,Richard Eichhorn,Consumer,Ar Riyad,Saudi Arabia,EMEA,EMEA,FUR-HAR-10001792,Furniture,Chairs,"Harbour Creations Bag Chairs, Red",123,2,0.0,52.98,10.38,High,2014
ID-2014-84661,2014-12-16,2014-12-21,Second Class,Resi Pölking,Consumer,Auckland,New Zealand,APAC,Oceania,TEC-PH-10000611,Technology,Phones,"Samsung Signal Booster, VoIP",164,2,0.4,-95.724,12.61,Medium,2014
ID-2014-84661,2014-12-16,2014-12-21,Second Class,Resi Pölking,Consumer,Auckland,New Zealand,APAC,Oceania,FUR-CH-10004751,Furniture,Chairs,"Hon Steel Folding Chair, Black",95,2,0.4,-41.112,9.87,Medium,2014
ES-2014-5249912,2014-12-16,2014-12-23,Standard Class,Shirley Daniels,Home Office,England,United Kingdom,EU,North,OFF-AR-10000319,Office Supplies,Art,"Binney & Smith Canvas, Fluorescent",158,3,0.0,29.97,13.8,Medium,2014
ES-2014-3655961,2014-12-16,2014-12-21,Standard Class,Phillip Breyer,Corporate,Ile-de-France,France,EU,Central,OFF-ST-10003204,Office Supplies,Storage,"Tenex Trays, Industrial",197,4,0.1,-0.036,13.85,Medium,2014
IT-2014-4010610,2014-12-16,2014-12-20,Standard Class,Emily Ducich,Home Office,England,United Kingdom,EU,North,FUR-FU-10002019,Furniture,Furnishings,"Eldon Photo Frame, Black",122,3,0.3,-20.979,14.16,High,2014
IN-2014-77605,2014-12-16,2014-12-16,Same Day,Kelly Lampkin,Corporate,Ho Chí Minh City,Vietnam,APAC,Southeast Asia,OFF-SU-10003483,Office Supplies,Supplies,"Fiskars Letter Opener, Easy Grip",139,6,0.17,28.3914,14.88,Medium,2014
ID-2014-84661,2014-12-16,2014-12-21,Second Class,Resi Pölking,Consumer,Auckland,New Zealand,APAC,Oceania,FUR-CH-10002316,Furniture,Chairs,"Harbour Creations Bag Chairs, Red",148,4,0.4,-4.992,16.92,Medium,2014
ES-2014-2823477,2014-12-16,2014-12-16,Same Day,Maya Herman,Corporate,Ile-de-France,France,EU,Central,OFF-FA-10003818,Office Supplies,Fasteners,"Stockwell Staples, 12 Pack",49,5,0.0,18.15,17.93,Critical,2014
EG-2014-5490,2014-12-16,2014-12-20,Standard Class,Keith Herrera,Consumer,Al Iskandariyah,Egypt,Africa,Africa,OFF-ROG-10001549,Office Supplies,Storage,"Rogers Shelving, Blue",124,2,0.0,6.18,13.07,Medium,2014
ES-2014-4012309,2014-12-17,2014-12-21,Standard Class,Jane Waco,Corporate,Galicia,Spain,EU,South,OFF-BI-10002674,Office Supplies,Binders,"Cardinal Binder Covers, Recycled",37,3,0.0,16.65,2.11,Medium,2014
CA-2014-137428,2014-12-17,2014-12-22,Second Class,Andy Yotov,Corporate,California,United States,US,West,FUR-CH-10002774,Furniture,Chairs,"Global Deluxe Stacking Chair, Gray",82,2,0.2,9.1764,2.88,High,2014
CA-2014-137428,2014-12-17,2014-12-22,Second Class,Andy Yotov,Corporate,California,United States,US,West,OFF-BI-10002949,Office Supplies,Binders,Prestige Round Ring Binders,24,5,0.2,8.208,2.2,High,2014
NI-2014-1070,2014-12-17,2014-12-22,Second Class,Todd Boyes,Corporate,Lagos,Nigeria,Africa,Africa,OFF-GRE-10004054,Office Supplies,Paper,"Green Bar Memo Slips, Multicolor",22,4,0.7,-25.008,2.22,Medium,2014
NI-2014-1070,2014-12-17,2014-12-22,Second Class,Todd Boyes,Corporate,Lagos,Nigeria,Africa,Africa,TEC-ENE-10003125,Technology,Accessories,"Enermax Flash Drive, Programmable",26,2,0.7,-29.268,2.22,Medium,2014
CA-2014-104381,2014-12-17,2014-12-24,Standard Class,Ross DeVincentis,Home Office,New York,United States,US,East,OFF-BI-10001628,Office Supplies,Binders,"Acco Data Flex Cable Posts For Top & Bottom Load Binders, 6"" Capacity",33,4,0.2,10.43,2.27,Medium,2014
ES-2014-2964353,2014-12-17,2014-12-22,Standard Class,Barry Blumstein,Corporate,Ile-de-France,France,EU,Central,OFF-EN-10000648,Office Supplies,Envelopes,"Jiffy Peel and Seal, with clear poly window",47,2,0.0,8.94,2.32,Medium,2014
CA-2014-137463,2014-12-17,2014-12-21,Second Class,Kalyca Meade,Corporate,California,United States,US,West,OFF-AR-10001988,Office Supplies,Art,Bulldog Table or Wall-Mount Pencil Sharpener,30,5,0.0,8.6855,3.15,Medium,2014
MX-2014-117954,2014-12-17,2014-12-22,Standard Class,David Smith,Corporate,Beni,Bolivia,LATAM,South,OFF-EN-10004788,Office Supplies,Envelopes,"Cameo Manila Envelope, Recycled",52,3,0.0,9.24,4.61,High,2014
CA-2014-137428,2014-12-17,2014-12-22,Second Class,Andy Yotov,Corporate,California,United States,US,West,FUR-FU-10002445,Furniture,Furnishings,"DAX Two-Tone Rosewood/Black Document Frame, Desktop, 5 x 7",19,2,0.0,7.584,3.31,High,2014
ES-2014-1734818,2014-12-17,2014-12-23,Standard Class,Jessica Myrick,Consumer,Provence-Alpes-Côte d'Azur,France,EU,Central,OFF-BI-10002289,Office Supplies,Binders,"Ibico Binder, Economy",31,2,0.0,8.64,3.31,Low,2014
CA-2014-137463,2014-12-17,2014-12-21,Second Class,Kalyca Meade,Corporate,California,United States,US,West,OFF-LA-10003498,Office Supplies,Labels,Avery 475,44,3,0.0,22.2,3.69,Medium,2014
TU-2014-9180,2014-12-17,2014-12-21,Standard Class,Deirdre Greer,Corporate,Ankara,Turkey,EMEA,EMEA,TEC-ENE-10004192,Technology,Accessories,"Enermax Keyboard, Bluetooth",33,1,0.6,-10.026,3.85,High,2014
ES-2014-2964353,2014-12-17,2014-12-22,Standard Class,Barry Blumstein,Corporate,Ile-de-France,France,EU,Central,OFF-EN-10001997,Office Supplies,Envelopes,"GlobeWeis Business Envelopes, with clear poly window",63,3,0.0,18.72,3.91,Medium,2014
CA-2014-137463,2014-12-17,2014-12-21,Second Class,Kalyca Meade,Corporate,California,United States,US,West,TEC-AC-10000057,Technology,Accessories,Microsoft Natural Ergonomic Keyboard 4000,150,5,0.0,31.4895,4.16,Medium,2014
ES-2014-5292672,2014-12-17,2014-12-22,Standard Class,Sung Shariari,Consumer,North Rhine-Westphalia,Germany,EU,Central,OFF-FA-10004878,Office Supplies,Fasteners,"Stockwell Clamps, Bulk Pack",38,2,0.0,3.0,2.07,Medium,2014
ES-2014-5093967,2014-12-17,2014-12-23,Standard Class,Beth Fritzler,Corporate,Rhône-Alpes,France,EU,Central,OFF-FA-10003930,Office Supplies,Fasteners,"Stockwell Push Pins, Assorted Sizes",35,3,0.0,11.7,3.17,Low,2014
IN-2014-68092,2014-12-17,2014-12-17,Same Day,Laurel Elliston,Consumer,Bangkok,Thailand,APAC,Southeast Asia,FUR-FU-10004778,Furniture,Furnishings,"Deflect-O Light Bulb, Duo Pack",28,2,0.27,-5.727,1.69,Medium,2014
IT-2014-3434836,2014-12-17,2014-12-22,Standard Class,Erica Hernandez,Home Office,England,United Kingdom,EU,North,OFF-BI-10003650,Office Supplies,Binders,"Ibico Index Tab, Clear",9,2,0.5,-5.73,0.25,Medium,2014
UZ-2014-2920,2014-12-17,2014-12-23,Standard Class,Lindsay Williams,Corporate,Andijan,Uzbekistan,EMEA,EMEA,OFF-TEN-10003211,Office Supplies,Storage,"Tenex Box, Wire Frame",16,1,0.0,7.14,1.52,Low,2014
RS-2014-3790,2014-12-17,2014-12-20,Second Class,Darren Powers,Consumer,Kaluga,Russia,EMEA,EMEA,OFF-TEN-10000794,Office Supplies,Storage,"Tenex Shelving, Wire Frame",54,1,0.0,6.42,0.04,Medium,2014
TU-2014-600,2014-12-17,2014-12-23,Standard Class,Giulietta Weimer,Consumer,Istanbul,Turkey,EMEA,EMEA,TEC-STA-10002650,Technology,Machines,"StarTech Card Printer, Wireless",65,1,0.6,-53.97,4.99,Medium,2014
CA-2014-137463,2014-12-17,2014-12-21,Second Class,Kalyca Meade,Corporate,California,United States,US,West,OFF-BI-10003196,Office Supplies,Binders,Accohide Poly Flexible Ring Binders,6,2,0.2,2.244,0.29,Medium,2014
MX-2014-129154,2014-12-17,2014-12-21,Second Class,Nora Pelletier,Home Office,Amazonas,Brazil,LATAM,South,OFF-SU-10001851,Office Supplies,Supplies,"Stiletto Ruler, Steel",10,1,0.0,2.94,0.33,Medium,2014
RS-2014-3790,2014-12-17,2014-12-20,Second Class,Darren Powers,Consumer,Kaluga,Russia,EMEA,EMEA,OFF-BIN-10003089,Office Supplies,Art,"Binney & Smith Highlighters, Easy-Erase",17,1,0.0,6.06,0.4,Medium,2014
CA-2014-111808,2014-12-17,2014-12-21,Standard Class,Andrew Roberts,Consumer,Oklahoma,United States,US,Central,OFF-BI-10004656,Office Supplies,Binders,Peel & Stick Add-On Corner Pockets,11,5,0.0,5.184,0.63,High,2014
NI-2014-9870,2014-12-17,2014-12-19,First Class,Phillip Flathmann,Consumer,Oyo,Nigeria,Africa,Africa,OFF-KRA-10004892,Office Supplies,Envelopes,"Kraft Clasp Envelope, Set of 50",3,1,0.7,-6.3,0.66,Critical,2014
SF-2014-9190,2014-12-17,2014-12-21,Standard Class,Fred Harton,Consumer,Gauteng,South Africa,Africa,Africa,OFF-BIN-10000901,Office Supplies,Art,"Binney & Smith Pens, Water Color",30,2,0.0,10.86,1.68,Medium,2014
IN-2014-54582,2014-12-17,2014-12-21,Standard Class,Edward Nazzal,Consumer,Kalimantan Selatan,Indonesia,APAC,Southeast Asia,OFF-EN-10000224,Office Supplies,Envelopes,"Cameo Clasp Envelope, Recycled",13,3,0.47,-6.7671,0.71,Medium,2014
IS-2014-8740,2014-12-17,2014-12-23,Standard Class,Michelle Huthwaite,Consumer,Tel Aviv,Israel,EMEA,EMEA,FUR-DEF-10002814,Furniture,Furnishings,"Deflect-O Stacking Tray, Erganomic",48,2,0.0,13.38,0.75,Medium,2014
UP-2014-6890,2014-12-17,2014-12-23,Standard Class,Guy Thornton,Consumer,Dnipropetrovs'k,Ukraine,EMEA,EMEA,OFF-BIN-10004563,Office Supplies,Art,"Binney & Smith Pencil Sharpener, Easy-Erase",28,1,0.0,3.06,0.89,Medium,2014
ES-2014-5093967,2014-12-17,2014-12-23,Standard Class,Beth Fritzler,Corporate,Rhône-Alpes,France,EU,Central,OFF-BI-10000171,Office Supplies,Binders,"Wilson Jones Index Tab, Recycled",7,1,0.0,1.89,0.99,Low,2014
NI-2014-9870,2014-12-17,2014-12-19,First Class,Phillip Flathmann,Consumer,Oyo,Nigeria,Africa,Africa,OFF-STA-10004163,Office Supplies,Art,"Stanley Markers, Fluorescent",14,2,0.7,-16.944,1.04,Critical,2014
CA-2014-161578,2014-12-17,2014-12-22,Second Class,Rick Bensley,Home Office,California,United States,US,West,OFF-PA-10002986,Office Supplies,Paper,Xerox 1898,13,2,0.0,6.4128,1.23,High,2014
SA-2014-500,2014-12-17,2014-12-22,Standard Class,Alex Grayson,Consumer,Makkah,Saudi Arabia,EMEA,EMEA,OFF-SME-10000335,Office Supplies,Storage,"Smead Box, Wire Frame",20,2,0.0,3.3,1.25,Medium,2014
IN-2014-54582,2014-12-17,2014-12-21,Standard Class,Edward Nazzal,Consumer,Kalimantan Selatan,Indonesia,APAC,Southeast Asia,OFF-BI-10000328,Office Supplies,Binders,"Acco Binding Machine, Clear",84,2,0.17,18.153,1.37,Medium,2014
MX-2014-138940,2014-12-17,2014-12-23,Standard Class,Pete Takahito,Consumer,Querétaro,Mexico,LATAM,North,OFF-BI-10003503,Office Supplies,Binders,"Cardinal Index Tab, Economy",12,2,0.0,3.72,0.74,Low,2014
NI-2014-1070,2014-12-17,2014-12-22,Second Class,Todd Boyes,Corporate,Lagos,Nigeria,Africa,Africa,FUR-HON-10004137,Furniture,Chairs,"Hon Rocking Chair, Set of Two",40,1,0.7,-54.489,5.07,Medium,2014
IS-2014-4250,2014-12-17,2014-12-20,First Class,Meg O'Connel,Home Office,Haifa,Israel,EMEA,EMEA,OFF-NOV-10004968,Office Supplies,Labels,"Novimex Removable Labels, Adjustable",16,2,0.0,0.0,5.24,High,2014
IN-2014-68092,2014-12-17,2014-12-17,Same Day,Laurel Elliston,Consumer,Bangkok,Thailand,APAC,Southeast Asia,FUR-FU-10001045,Furniture,Furnishings,"Eldon Photo Frame, Durable",40,1,0.27,12.6822,5.54,Medium,2014
RS-2014-3790,2014-12-17,2014-12-20,Second Class,Darren Powers,Consumer,Kaluga,Russia,EMEA,EMEA,FUR-ADV-10000571,Furniture,Furnishings,"Advantus Frame, Erganomic",219,2,0.0,70.2,28.76,Medium,2014
IS-2014-4250,2014-12-17,2014-12-20,First Class,Meg O'Connel,Home Office,Haifa,Israel,EMEA,EMEA,FUR-HON-10000722,Furniture,Chairs,"Hon Rocking Chair, Adjustable",133,1,0.0,63.87,31.04,High,2014
ID-2014-53728,2014-12-17,2014-12-17,Same Day,Jas O'Carroll,Consumer,Bali,Indonesia,APAC,Southeast Asia,OFF-EN-10002035,Office Supplies,Envelopes,"Kraft Mailers, Set of 50",140,7,0.47,-81.8685,32.23,High,2014
PL-2014-6550,2014-12-17,2014-12-20,Second Class,Nick Radford,Consumer,Masovia,Poland,EMEA,EMEA,FUR-BUS-10000332,Furniture,Bookcases,"Bush Library with Doors, Traditional",364,1,0.0,18.21,38.58,Medium,2014
ID-2014-11826,2014-12-17,2014-12-20,Second Class,Tracy Poddar,Corporate,Jawa Tengah,Indonesia,APAC,Southeast Asia,FUR-CH-10004196,Furniture,Chairs,"Novimex Swivel Stool, Red",480,4,0.27,-13.2168,42.88,High,2014
NI-2014-9870,2014-12-17,2014-12-19,First Class,Phillip Flathmann,Consumer,Oyo,Nigeria,Africa,Africa,OFF-HOO-10000335,Office Supplies,Appliances,"Hoover Microwave, White",184,2,0.7,-263.832,43.03,Critical,2014
IS-2014-4250,2014-12-17,2014-12-20,First Class,Meg O'Connel,Home Office,Haifa,Israel,EMEA,EMEA,OFF-CUI-10003993,Office Supplies,Appliances,"Cuisinart Microwave, Red",278,1,0.0,75.18,63.45,High,2014
IT-2014-3434836,2014-12-17,2014-12-22,Standard Class,Erica Hernandez,Home Office,England,United Kingdom,EU,North,TEC-CO-10003608,Technology,Copiers,"Canon Fax Machine, Color",1279,8,0.5,-639.72,75.13,Medium,2014
RS-2014-3790,2014-12-17,2014-12-20,Second Class,Darren Powers,Consumer,Kaluga,Russia,EMEA,EMEA,TEC-APP-10002966,Technology,Phones,"Apple Smart Phone, Full Size",638,1,0.0,178.5,91.69,Medium,2014
ES-2014-5093967,2014-12-17,2014-12-23,Standard Class,Beth Fritzler,Corporate,Rhône-Alpes,France,EU,Central,TEC-MA-10004609,Technology,Machines,"Okidata Inkjet, White",1058,4,0.15,-24.99,105.7,Low,2014
IN-2014-70738,2014-12-17,2014-12-23,Standard Class,Rick Bensley,Home Office,Tamil Nadu,India,APAC,Central Asia,TEC-PH-10001917,Technology,Phones,"Apple Signal Booster, Cordless",1814,13,0.0,145.08,109.95,Medium,2014
MX-2014-124744,2014-12-17,2014-12-19,First Class,Muhammed Yedwab,Corporate,Matagalpa,Nicaragua,LATAM,Central,FUR-BO-10003438,Furniture,Bookcases,"Dania Corner Shelving, Pine",576,7,0.0,120.82,111.15,Critical,2014
MX-2014-124744,2014-12-17,2014-12-19,First Class,Muhammed Yedwab,Corporate,Matagalpa,Nicaragua,LATAM,Central,FUR-BO-10001739,Furniture,Bookcases,"Dania Classic Bookcase, Mobile",276,1,0.0,49.58,113.01,Critical,2014
US-2014-116862,2014-12-17,2014-12-21,Standard Class,Andy Gerbode,Corporate,Guanajuato,Mexico,LATAM,North,FUR-CH-10001897,Furniture,Chairs,"Hon Executive Leather Armchair, Adjustable",1698,7,0.2,-63.756,217.03,High,2014
MX-2014-124744,2014-12-17,2014-12-19,First Class,Muhammed Yedwab,Corporate,Matagalpa,Nicaragua,LATAM,Central,OFF-AP-10002681,Office Supplies,Appliances,"Hamilton Beach Stove, Black",1806,5,0.0,126.4,381.14,Critical,2014
ES-2014-1010305,2014-12-17,2014-12-21,Second Class,Christine Abelman,Corporate,Midi-Pyrénées,France,EU,Central,TEC-PH-10004450,Technology,Phones,"Cisco Office Telephone, Full Size",347,5,0.15,16.2375,25.47,Medium,2014
ID-2014-11826,2014-12-17,2014-12-20,Second Class,Tracy Poddar,Corporate,Jawa Tengah,Indonesia,APAC,Southeast Asia,OFF-AP-10000900,Office Supplies,Appliances,"Cuisinart Coffee Grinder, White",153,5,0.17,-18.4875,25.47,High,2014
MX-2014-124744,2014-12-17,2014-12-19,First Class,Muhammed Yedwab,Corporate,Matagalpa,Nicaragua,LATAM,Central,FUR-BO-10004472,Furniture,Bookcases,"Dania Library with Doors, Pine",1213,5,0.0,606.2,269.53,Critical,2014
MX-2014-124744,2014-12-17,2014-12-19,First Class,Muhammed Yedwab,Corporate,Matagalpa,Nicaragua,LATAM,Central,OFF-EN-10002710,Office Supplies,Envelopes,"GlobeWeis Interoffice Envelope, with clear poly window",68,2,0.0,5.44,19.93,Critical,2014
MX-2014-157924,2014-12-17,2014-12-20,First Class,Herbert Flentye,Consumer,Chihuahua,Mexico,LATAM,North,TEC-PH-10001580,Technology,Phones,"Apple Office Telephone, VoIP",131,3,0.0,47.04,5.82,High,2014
ID-2014-41653,2014-12-17,2014-12-24,Standard Class,Toby Gnade,Consumer,Jakarta,Indonesia,APAC,Southeast Asia,OFF-SU-10000789,Office Supplies,Supplies,"Kleencut Box Cutter, Serrated",50,3,0.47,-10.3635,5.92,Low,2014
ES-2014-1734818,2014-12-17,2014-12-23,Standard Class,Jessica Myrick,Consumer,Provence-Alpes-Côte d'Azur,France,EU,Central,OFF-BI-10000538,Office Supplies,Binders,"Acco Binding Machine, Clear",101,2,0.0,11.1,5.92,Low,2014
NI-2014-9870,2014-12-17,2014-12-19,First Class,Phillip Flathmann,Consumer,Oyo,Nigeria,Africa,Africa,TEC-OKI-10002547,Technology,Machines,"Okidata Phone, Durable",52,2,0.7,-83.538,6.45,Critical,2014
RS-2014-6450,2014-12-17,2014-12-20,Second Class,Paul Prost,Home Office,Bryansk,Russia,EMEA,EMEA,TEC-LOG-10003634,Technology,Accessories,"Logitech Numeric Keypad, Programmable",48,1,0.0,6.21,7.1,High,2014
RS-2014-6450,2014-12-17,2014-12-20,Second Class,Paul Prost,Home Office,Bryansk,Russia,EMEA,EMEA,TEC-CIS-10001877,Technology,Phones,"Cisco Office Telephone, with Caller ID",80,1,0.0,10.44,8.32,High,2014
MX-2014-124744,2014-12-17,2014-12-19,First Class,Muhammed Yedwab,Corporate,Matagalpa,Nicaragua,LATAM,Central,FUR-FU-10000975,Furniture,Furnishings,"Eldon Clock, Black",75,2,0.0,30.12,10.13,Critical,2014
MX-2014-124744,2014-12-17,2014-12-19,First Class,Muhammed Yedwab,Corporate,Matagalpa,Nicaragua,LATAM,Central,OFF-SU-10002189,Office Supplies,Supplies,"Fiskars Shears, Easy Grip",33,1,0.0,16.42,7.15,Critical,2014
IN-2014-85298,2014-12-17,2014-12-19,First Class,Ted Trevino,Consumer,Northland,New Zealand,APAC,Oceania,OFF-BI-10003364,Office Supplies,Binders,"Cardinal 3-Hole Punch, Clear",57,2,0.0,23.7,13.31,High,2014
CA-2014-137428,2014-12-17,2014-12-22,Second Class,Andy Yotov,Corporate,California,United States,US,West,FUR-CH-10003817,Furniture,Chairs,"Global Value Steno Chair, Gray",97,2,0.2,6.074,14.56,High,2014
ID-2014-11826,2014-12-17,2014-12-20,Second Class,Tracy Poddar,Corporate,Jawa Tengah,Indonesia,APAC,Southeast Asia,FUR-FU-10004509,Furniture,Furnishings,"Advantus Door Stop, Duo Pack",99,3,0.27,2.6271,14.71,High,2014
CA-2014-161578,2014-12-17,2014-12-22,Second Class,Rick Bensley,Home Office,California,United States,US,West,OFF-ST-10002289,Office Supplies,Storage,"Safco Wire Cube Shelving System, For Use as 4 or 5 14"" Cubes, Black",159,5,0.0,7.945,15.27,High,2014
AU-2014-3670,2014-12-17,2014-12-22,Standard Class,Dianna Arnett,Home Office,Upper Austria,Austria,EMEA,EMEA,OFF-IBI-10003541,Office Supplies,Binders,"Ibico Binding Machine, Economy",720,14,0.0,64.68,15.41,Medium,2014
CA-2014-137463,2014-12-17,2014-12-21,Second Class,Kalyca Meade,Corporate,California,United States,US,West,TEC-AC-10000358,Technology,Accessories,Imation Secure Drive + Hardware Encrypted USB flash drive - 16 GB,190,5,0.0,45.588,17.06,Medium,2014
IN-2014-71375,2014-12-17,2014-12-21,Standard Class,Greg Matthias,Consumer,Victoria,Australia,APAC,Oceania,TEC-PH-10001590,Technology,Phones,"Motorola Headset, with Caller ID",144,2,0.1,19.092,19.77,High,2014
ID-2014-11826,2014-12-17,2014-12-20,Second Class,Tracy Poddar,Corporate,Jawa Tengah,Indonesia,APAC,Southeast Asia,OFF-AR-10000027,Office Supplies,Art,"Binney & Smith Pencil Sharpener, Easy-Erase",102,5,0.27,16.7445,13.22,High,2014
ES-2014-1734818,2014-12-17,2014-12-23,Standard Class,Jessica Myrick,Consumer,Provence-Alpes-Côte d'Azur,France,EU,Central,TEC-AC-10003335,Technology,Accessories,"SanDisk Memory Card, Erganomic",220,2,0.0,39.66,22.99,Low,2014
US-2014-126515,2014-12-18,2014-12-20,Second Class,Guy Phonely,Corporate,Alagoas,Brazil,LATAM,South,OFF-EN-10002926,Office Supplies,Envelopes,"Cameo Mailers, Set of 50",61,6,0.6,-56.544,3.81,Medium,2014
MX-2014-101406,2014-12-18,2014-12-21,First Class,Dianna Arnett,Home Office,León,Nicaragua,LATAM,Central,OFF-ST-10004342,Office Supplies,Storage,"Eldon Box, Industrial",14,2,0.0,7.0,2.86,High,2014
ES-2014-3150351,2014-12-18,2014-12-24,Standard Class,Beth Paige,Consumer,England,United Kingdom,EU,North,OFF-FA-10003531,Office Supplies,Fasteners,"Accos Thumb Tacks, Bulk Pack",41,3,0.0,8.55,2.97,Medium,2014
US-2014-116701,2014-12-18,2014-12-22,Second Class,Logan Currie,Consumer,Texas,United States,US,Central,OFF-AP-10003217,Office Supplies,Appliances,Eureka Sanitaire  Commercial Upright,66,2,0.8,-178.9668,3.63,Medium,2014
CA-2014-103443,2014-12-18,2014-12-24,Standard Class,Annie Thurman,Consumer,New York,United States,US,East,FUR-FU-10000308,Furniture,Furnishings,Deflect-o Glass Clear Studded Chair Mats,124,2,0.0,27.3592,3.66,Medium,2014
CM-2014-680,2014-12-18,2014-12-20,First Class,Valerie Mitchum,Home Office,Centre,Cameroon,Africa,Africa,FUR-DEF-10002865,Furniture,Furnishings,"Deflect-O Light Bulb, Erganomic",35,2,0.0,17.58,3.76,High,2014
ES-2014-1933744,2014-12-18,2014-12-24,Standard Class,Janet Lee,Consumer,Limousin,France,EU,Central,OFF-ST-10003764,Office Supplies,Storage,"Tenex Box, Industrial",61,4,0.1,25.128,4.93,Medium,2014
ID-2014-30026,2014-12-18,2014-12-23,Standard Class,Guy Armstrong,Consumer,South Chungcheong,South Korea,APAC,North Asia,OFF-PA-10000383,Office Supplies,Paper,"Green Bar Note Cards, Premium",47,3,0.5,-42.12,4.05,Medium,2014
ES-2014-1137361,2014-12-18,2014-12-25,Standard Class,Ben Peterman,Corporate,Scotland,United Kingdom,EU,North,OFF-EN-10001993,Office Supplies,Envelopes,"GlobeWeis Manila Envelope, Set of 50",55,2,0.0,18.06,4.17,Medium,2014
IN-2014-62709,2014-12-18,2014-12-20,Second Class,Ivan Gibson,Consumer,Beijing,China,APAC,North Asia,OFF-FA-10001651,Office Supplies,Fasteners,"Stockwell Thumb Tacks, Bulk Pack",27,2,0.0,7.02,4.21,High,2014
MX-2014-142601,2014-12-18,2014-12-23,Standard Class,Michael Moore,Consumer,San Salvador,El Salvador,LATAM,Central,OFF-ST-10004432,Office Supplies,Storage,"Fellowes Folders, Blue",53,3,0.0,13.68,4.32,Medium,2014
ES-2014-1085728,2014-12-18,2014-12-20,First Class,Carl Ludwig,Consumer,Lombardy,Italy,EU,South,OFF-LA-10001793,Office Supplies,Labels,"Avery Round Labels, Alphabetical",28,4,0.0,6.12,4.41,High,2014
PL-2014-5000,2014-12-18,2014-12-25,Standard Class,Max Engle,Consumer,Silesia,Poland,EMEA,EMEA,OFF-STA-10001791,Office Supplies,Art,"Stanley Highlighters, Water Color",72,4,0.0,24.24,4.59,Medium,2014
ES-2014-2024223,2014-12-18,2014-12-20,First Class,Alan Barnes,Consumer,Ile-de-France,France,EU,Central,OFF-BI-10001754,Office Supplies,Binders,"Ibico Binder Covers, Recycled",14,1,0.0,5.16,2.35,High,2014
ZI-2014-9550,2014-12-18,2014-12-23,Standard Class,John Castell,Consumer,Bulawayo,Zimbabwe,Africa,Africa,TEC-KON-10003116,Technology,Machines,"Konica Receipt Printer, Red",72,2,0.7,-93.18,4.05,Medium,2014
CA-2014-155362,2014-12-18,2014-12-22,Standard Class,Dave Poirier,Corporate,Wisconsin,United States,US,Central,OFF-ST-10001031,Office Supplies,Storage,Adjustable Personal File Tote,33,2,0.0,8.4656,1.88,Medium,2014
CA-2014-133431,2014-12-18,2014-12-22,Standard Class,Logan Currie,Consumer,California,United States,US,West,OFF-BI-10000605,Office Supplies,Binders,"Acco Pressboard Covers with Storage Hooks, 9 1/2"" x 11"", Executive Red",15,5,0.2,5.1435,0.68,Medium,2014
TU-2014-9100,2014-12-18,2014-12-22,Standard Class,Helen Abelman,Consumer,Istanbul,Turkey,EMEA,EMEA,FUR-ELD-10000857,Furniture,Furnishings,"Eldon Door Stop, Erganomic",20,1,0.6,-22.938,1.66,Medium,2014
EG-2014-8740,2014-12-18,2014-12-22,Second Class,Alyssa Crouse,Corporate,Al Iskandariyah,Egypt,Africa,Africa,OFF-BIC-10002270,Office Supplies,Art,"BIC Pencil Sharpener, Water Color",32,1,0.0,12.21,5.1,High,2014
ZI-2014-9550,2014-12-18,2014-12-23,Standard Class,John Castell,Consumer,Bulawayo,Zimbabwe,Africa,Africa,OFF-AVE-10000543,Office Supplies,Binders,"Avery Hole Reinforcements, Clear",1,1,0.7,-2.349,0.07,Medium,2014
TU-2014-9400,2014-12-18,2014-12-20,Second Class,Becky Martin,Consumer,Istanbul,Turkey,EMEA,EMEA,OFF-IBI-10002805,Office Supplies,Binders,"Ibico 3-Hole Punch, Economy",12,1,0.6,-3.06,0.31,Medium,2014
TU-2014-9100,2014-12-18,2014-12-22,Standard Class,Helen Abelman,Consumer,Istanbul,Turkey,EMEA,EMEA,OFF-BOS-10001576,Office Supplies,Art,"Boston Pencil Sharpener, Fluorescent",12,1,0.6,-13.32,0.31,Medium,2014
CA-2014-106964,2014-12-18,2014-12-21,First Class,Hallie Redmond,Home Office,California,United States,US,West,OFF-BI-10000320,Office Supplies,Binders,GBC Plastic Binding Combs,12,2,0.2,4.2804,0.31,Medium,2014
NI-2014-6290,2014-12-18,2014-12-23,Standard Class,Jocasta Rupert,Consumer,Delta,Nigeria,Africa,Africa,OFF-HON-10004014,Office Supplies,Labels,"Hon Shipping Labels, Adjustable",3,1,0.7,-3.249,0.05,Medium,2014
CA-2014-107342,2014-12-18,2014-12-23,Standard Class,Vicky Freymann,Home Office,Indiana,United States,US,Central,OFF-PA-10001745,Office Supplies,Paper,"Wirebound Message Books, 2 7/8"" x 5"", 3 Forms per Page",28,4,0.0,13.2352,1.87,Medium,2014
TU-2014-6330,2014-12-18,2014-12-22,Standard Class,Alejandro Grove,Consumer,Sanliurfa,Turkey,EMEA,EMEA,OFF-STO-10004910,Office Supplies,Fasteners,"Stockwell Clamps, 12 Pack",7,1,0.6,-2.256,0.5,Medium,2014
TO-2014-6580,2014-12-18,2014-12-22,Standard Class,Neola Schneider,Consumer,Maritime,Togo,Africa,Africa,OFF-AVE-10000418,Office Supplies,Labels,"Avery Color Coded Labels, 5000 Label Set",14,1,0.0,4.77,0.75,Medium,2014
TU-2014-9720,2014-12-18,2014-12-22,Standard Class,Skye Norling,Home Office,Bursa,Turkey,EMEA,EMEA,OFF-BOS-10001711,Office Supplies,Art,"Boston Sketch Pad, Easy-Erase",20,1,0.6,-15.162,0.82,Medium,2014
CA-2014-103443,2014-12-18,2014-12-24,Standard Class,Annie Thurman,Consumer,New York,United States,US,East,OFF-BI-10001617,Office Supplies,Binders,GBC Wire Binding Combs,25,3,0.2,8.3754,0.98,Medium,2014
CA-2014-133431,2014-12-18,2014-12-22,Standard Class,Logan Currie,Consumer,California,United States,US,West,OFF-PA-10002615,Office Supplies,Paper,"Ampad Gold Fibre Wirebound Steno Books, 6"" x 9"", Gregg Ruled",13,3,0.0,6.0858,1.22,Medium,2014
ID-2014-67847,2014-12-18,2014-12-22,Standard Class,Cathy Armstrong,Home Office,Punjab,Pakistan,APAC,Central Asia,OFF-AR-10004138,Office Supplies,Art,"Stanley Pens, Easy-Erase",21,4,0.5,-6.24,1.23,Medium,2014
CA-2014-120936,2014-12-18,2014-12-22,Standard Class,Christine Abelman,Corporate,California,United States,US,West,OFF-SU-10002557,Office Supplies,Supplies,Fiskars Spring-Action Scissors,14,1,0.0,3.6348,1.54,High,2014
TU-2014-6330,2014-12-18,2014-12-22,Standard Class,Alejandro Grove,Consumer,Sanliurfa,Turkey,EMEA,EMEA,OFF-ADV-10003030,Office Supplies,Fasteners,"Advantus Staples, 12 Pack",8,2,0.6,-10.908,0.63,Medium,2014
ES-2014-5547121,2014-12-18,2014-12-21,First Class,Jay Fein,Consumer,Sicily,Italy,EU,South,OFF-ST-10002905,Office Supplies,Storage,"Rogers Box, Single Width",43,3,0.4,-20.16,5.46,Medium,2014
MX-2014-142076,2014-12-18,2014-12-22,Second Class,Carl Jackson,Corporate,Granada,Nicaragua,LATAM,Central,OFF-AP-10002425,Office Supplies,Appliances,"Hamilton Beach Refrigerator, Black",666,2,0.0,119.88,79.94,High,2014
MX-2014-124520,2014-12-18,2014-12-18,Same Day,Maria Etezadi,Home Office,Camagüey,Cuba,LATAM,Caribbean,OFF-BI-10002080,Office Supplies,Binders,"Acco Binder, Clear",19,2,0.0,7.0,6.25,Critical,2014
ES-2014-2024223,2014-12-18,2014-12-20,First Class,Alan Barnes,Consumer,Ile-de-France,France,EU,Central,OFF-EN-10003748,Office Supplies,Envelopes,"Ames Mailers, with clear poly window",118,3,0.0,57.87,29.88,High,2014
MX-2014-133053,2014-12-18,2014-12-20,Second Class,Guy Phonely,Corporate,Cienfuegos,Cuba,LATAM,Caribbean,OFF-EN-10004988,Office Supplies,Envelopes,"Cameo Mailers, Set of 50",153,6,0.0,35.04,31.56,High,2014
ID-2014-72047,2014-12-18,2014-12-22,Standard Class,Sam Zeldin,Home Office,New South Wales,Australia,APAC,Oceania,FUR-CH-10001832,Furniture,Chairs,"Novimex Rocking Chair, Red",355,3,0.1,-7.929,32.0,Medium,2014
ES-2014-5547121,2014-12-18,2014-12-21,First Class,Jay Fein,Consumer,Sicily,Italy,EU,South,TEC-PH-10004707,Technology,Phones,"Samsung Signal Booster, Cordless",251,3,0.4,4.122,38.34,Medium,2014
GG-2014-9540,2014-12-18,2014-12-23,Standard Class,Dianna Vittorini,Consumer,Imereti,Georgia,EMEA,EMEA,TEC-PAN-10003688,Technology,Machines,"Panasonic Printer, Wireless",533,2,0.0,133.2,50.28,Medium,2014
ES-2014-2697033,2014-12-18,2014-12-23,Standard Class,Alex Avila,Consumer,Ile-de-France,France,EU,Central,TEC-PH-10002564,Technology,Phones,"Motorola Signal Booster, Full Size",368,3,0.15,4.311,53.29,High,2014
CA-2014-116855,2014-12-18,2014-12-22,Standard Class,Arianne Irving,Consumer,Virginia,United States,US,South,FUR-CH-10003846,Furniture,Chairs,Hon Valutask Swivel Chairs,505,5,0.0,80.784,24.98,Medium,2014
CA-2014-130309,2014-12-18,2014-12-22,Standard Class,Giulietta Baptist,Consumer,Virginia,United States,US,South,OFF-ST-10003208,Office Supplies,Storage,Adjustable Depth Letter/Legal Cart,544,3,0.0,157.8702,62.79,High,2014
CA-2014-120936,2014-12-18,2014-12-22,Standard Class,Christine Abelman,Corporate,California,United States,US,West,OFF-ST-10001526,Office Supplies,Storage,Iceberg Mobile Mega Data/Printer Cart ,481,4,0.0,125.1432,70.3,High,2014
ES-2014-1933744,2014-12-18,2014-12-24,Standard Class,Janet Lee,Consumer,Limousin,France,EU,Central,FUR-CH-10004774,Furniture,Chairs,"Novimex Executive Leather Armchair, Red",1657,4,0.1,460.2,86.48,Medium,2014
IN-2014-62709,2014-12-18,2014-12-20,Second Class,Ivan Gibson,Consumer,Beijing,China,APAC,North Asia,FUR-CH-10002247,Furniture,Chairs,"Hon Executive Leather Armchair, Adjustable",460,1,0.0,87.3,99.43,High,2014
MX-2014-142601,2014-12-18,2014-12-23,Standard Class,Michael Moore,Consumer,San Salvador,El Salvador,LATAM,Central,FUR-BO-10004441,Furniture,Bookcases,"Ikea Library with Doors, Metal",1693,7,0.0,220.08,103.16,Medium,2014
MX-2014-126984,2014-12-18,2014-12-20,Second Class,John Huston,Consumer,Paysandú,Uruguay,LATAM,South,FUR-CH-10000891,Furniture,Chairs,"Harbour Creations Executive Leather Armchair, Black",3473,11,0.0,868.12,634.53,High,2014
ES-2014-2785519,2014-12-18,2014-12-24,Standard Class,Laura Armstrong,Corporate,Berlin,Germany,EU,Central,OFF-BI-10000179,Office Supplies,Binders,"Wilson Jones 3-Hole Punch, Economy",101,4,0.1,25.644,6.17,Medium,2014
ES-2014-5547121,2014-12-18,2014-12-21,First Class,Jay Fein,Consumer,Sicily,Italy,EU,South,OFF-ST-10000695,Office Supplies,Storage,"Rogers Lockers, Wire Frame",632,5,0.4,-158.13,62.99,Medium,2014
MX-2014-133053,2014-12-18,2014-12-20,Second Class,Guy Phonely,Corporate,Cienfuegos,Cuba,LATAM,Caribbean,OFF-AR-10001694,Office Supplies,Art,"Sanford Canvas, Blue",168,5,0.0,3.3,24.44,High,2014
MX-2014-101406,2014-12-18,2014-12-21,First Class,Dianna Arnett,Home Office,León,Nicaragua,LATAM,Central,TEC-AC-10004626,Technology,Accessories,"Belkin Router, Erganomic",342,2,0.0,0.0,76.0,High,2014
MX-2014-101406,2014-12-18,2014-12-21,First Class,Dianna Arnett,Home Office,León,Nicaragua,LATAM,Central,FUR-CH-10001819,Furniture,Chairs,"Office Star Chairmat, Set of Two",91,2,0.0,38.08,21.2,High,2014
ES-2014-2024223,2014-12-18,2014-12-20,First Class,Alan Barnes,Consumer,Ile-de-France,France,EU,Central,OFF-PA-10001858,Office Supplies,Paper,"SanDisk Message Books, Multicolor",151,6,0.0,24.12,6.9,High,2014
IN-2014-31902,2014-12-18,2014-12-23,Standard Class,Logan Currie,Consumer,Maharashtra,India,APAC,Central Asia,FUR-CH-10002468,Furniture,Chairs,"Hon Rocking Chair, Adjustable",266,2,0.0,69.18,21.8,Medium,2014
TU-2014-9100,2014-12-18,2014-12-22,Standard Class,Helen Abelman,Consumer,Istanbul,Turkey,EMEA,EMEA,FUR-ADV-10004395,Furniture,Furnishings,"Advantus Door Stop, Durable",236,14,0.6,-58.884,7.34,Medium,2014
TU-2014-9100,2014-12-18,2014-12-22,Standard Class,Helen Abelman,Consumer,Istanbul,Turkey,EMEA,EMEA,FUR-HAR-10002328,Furniture,Chairs,"Harbour Creations Swivel Stool, Black",142,2,0.6,-95.988,9.01,Medium,2014
TU-2014-9100,2014-12-18,2014-12-22,Standard Class,Helen Abelman,Consumer,Istanbul,Turkey,EMEA,EMEA,TEC-CAN-10001256,Technology,Copiers,"Canon Wireless Fax, High-Speed",151,1,0.6,-128.136,10.02,Medium,2014
US-2014-126515,2014-12-18,2014-12-20,Second Class,Guy Phonely,Corporate,Alagoas,Brazil,LATAM,South,OFF-AR-10003688,Office Supplies,Art,"Sanford Canvas, Blue",67,5,0.6,-97.74,10.77,Medium,2014
ID-2014-67847,2014-12-18,2014-12-22,Standard Class,Cathy Armstrong,Home Office,Punjab,Pakistan,APAC,Central Asia,FUR-CH-10001756,Furniture,Chairs,"Novimex Bag Chairs, Adjustable",155,4,0.2,44.52,10.79,Medium,2014
IN-2014-62709,2014-12-18,2014-12-20,Second Class,Ivan Gibson,Consumer,Beijing,China,APAC,North Asia,OFF-ST-10001554,Office Supplies,Storage,"Eldon Folders, Industrial",70,4,0.0,2.04,8.76,High,2014
ES-2014-2024223,2014-12-18,2014-12-20,First Class,Alan Barnes,Consumer,Ile-de-France,France,EU,Central,OFF-LA-10004148,Office Supplies,Labels,"Smead File Folder Labels, 5000 Label Set",56,6,0.0,25.56,11.54,High,2014
CA-2014-103443,2014-12-18,2014-12-24,Standard Class,Annie Thurman,Consumer,New York,United States,US,East,OFF-ST-10002276,Office Supplies,Storage,Safco Steel Mobile File Cart,167,2,0.0,41.68,12.41,Medium,2014
ES-2014-5547121,2014-12-18,2014-12-21,First Class,Jay Fein,Consumer,Sicily,Italy,EU,South,OFF-ST-10003956,Office Supplies,Storage,"Rogers Trays, Single Width",185,5,0.4,-101.97,14.76,Medium,2014
MX-2014-101406,2014-12-18,2014-12-21,First Class,Dianna Arnett,Home Office,León,Nicaragua,LATAM,Central,FUR-CH-10000265,Furniture,Chairs,"Office Star Chairmat, Adjustable",273,6,0.0,62.76,18.16,High,2014
MX-2014-142601,2014-12-18,2014-12-23,Standard Class,Michael Moore,Consumer,San Salvador,El Salvador,LATAM,Central,FUR-CH-10003514,Furniture,Chairs,"Harbour Creations Rocking Chair, Set of Two",199,2,0.0,43.8,15.44,Medium,2014
ES-2014-2785519,2014-12-18,2014-12-24,Standard Class,Laura Armstrong,Corporate,Berlin,Germany,EU,Central,OFF-AR-10002094,Office Supplies,Art,"Boston Pencil Sharpener, Water Color",131,5,0.1,4.29,10.8,Medium,2014
EG-2014-8740,2014-12-18,2014-12-22,Second Class,Alyssa Crouse,Corporate,Al Iskandariyah,Egypt,Africa,Africa,FUR-HON-10001558,Furniture,Chairs,"Hon Swivel Stool, Black",161,1,0.0,45.12,17.24,High,2014
SF-2014-4320,2014-12-19,2014-12-19,Same Day,Duane Noonan,Consumer,Gauteng,South Africa,Africa,Africa,OFF-WIL-10002947,Office Supplies,Binders,"Wilson Jones Index Tab, Clear",24,4,0.0,2.04,4.18,Critical,2014
GV-2014-7870,2014-12-19,2014-12-23,Standard Class,Christina DeMoss,Consumer,Nzérékoré,Guinea,Africa,Africa,OFF-AME-10001009,Office Supplies,Envelopes,"Ames Interoffice Envelope, Set of 50",45,1,0.0,17.58,3.91,Medium,2014
CA-2014-156664,2014-12-19,2014-12-24,Standard Class,Beth Paige,Consumer,Ohio,United States,US,East,OFF-AP-10004487,Office Supplies,Appliances,Kensington 4 Outlet MasterPiece Compact Power Control Center,130,2,0.2,13.0112,3.87,Medium,2014
IN-2014-66566,2014-12-19,2014-12-24,Second Class,Denise Leinenbach,Consumer,South Australia,Australia,APAC,Oceania,OFF-PA-10002974,Office Supplies,Paper,"Enermax Note Cards, 8.5 x 11",77,3,0.1,7.587,3.68,Medium,2014
ID-2014-74728,2014-12-19,2014-12-26,Standard Class,Julia West,Consumer,Tasmania,Australia,APAC,Oceania,OFF-PA-10004187,Office Supplies,Paper,"Xerox Message Books, Multicolor",39,3,0.4,-22.266,3.65,Low,2014
ES-2014-2271414,2014-12-19,2014-12-23,Standard Class,Alan Schoenberger,Corporate,Rhône-Alpes,France,EU,Central,OFF-ST-10004377,Office Supplies,Storage,"Rogers File Cart, Single Width",382,3,0.1,67.941,3.62,Medium,2014
IN-2014-18889,2014-12-19,2014-12-24,Second Class,Grace Kelly,Corporate,Bangkok,Thailand,APAC,Southeast Asia,OFF-PA-10001944,Office Supplies,Paper,"SanDisk Computer Printout Paper, Premium",32,2,0.47,-23.2626,3.6,Medium,2014
GV-2014-7870,2014-12-19,2014-12-23,Standard Class,Christina DeMoss,Consumer,Nzérékoré,Guinea,Africa,Africa,OFF-ROG-10001372,Office Supplies,Storage,"Rogers Trays, Blue",123,2,0.0,36.96,4.29,Medium,2014
SF-2014-4320,2014-12-19,2014-12-19,Same Day,Duane Noonan,Consumer,Gauteng,South Africa,Africa,Africa,OFF-ACC-10001703,Office Supplies,Binders,"Acco Binder, Recycled",16,1,0.0,0.45,3.46,Critical,2014
TO-2014-1980,2014-12-19,2014-12-25,Standard Class,Jesus Ocampo,Home Office,Maritime,Togo,Africa,Africa,OFF-BIC-10004557,Office Supplies,Art,"BIC Canvas, Blue",54,1,0.0,4.29,3.67,Medium,2014
ID-2014-64606,2014-12-19,2014-12-24,Second Class,Giulietta Dortch,Corporate,South Australia,Australia,APAC,Oceania,OFF-EN-10001157,Office Supplies,Envelopes,"Ames Business Envelopes, Security-Tint",26,2,0.1,-0.588,4.79,High,2014
IN-2014-18889,2014-12-19,2014-12-24,Second Class,Grace Kelly,Corporate,Bangkok,Thailand,APAC,Southeast Asia,OFF-PA-10004930,Office Supplies,Paper,"Xerox Note Cards, Recycled",84,6,0.47,-8.0496,6.21,Medium,2014
SF-2014-9810,2014-12-19,2014-12-20,First Class,Toby Carlisle,Consumer,Kwazulu-natal,South Africa,Africa,Africa,OFF-GLO-10002315,Office Supplies,Envelopes,"GlobeWeis Interoffice Envelope, Set of 50",48,1,0.0,10.98,5.33,Medium,2014
CG-2014-2730,2014-12-19,2014-12-23,Standard Class,Art Ferguson,Consumer,Kinshasa,Democratic Republic of the Congo,Africa,Africa,OFF-BIC-10002722,Office Supplies,Art,"BIC Pens, Water Color",70,4,0.0,28.56,5.54,High,2014
ES-2014-4790238,2014-12-19,2014-12-21,First Class,Steven Cartwright,Consumer,Carinthia,Austria,EU,Central,OFF-SU-10003509,Office Supplies,Supplies,"Stiletto Ruler, Easy Grip",83,5,0.0,33.75,5.74,High,2014
US-2014-165687,2014-12-19,2014-12-23,Standard Class,Larry Hughes,Consumer,Lima (city),Peru,LATAM,South,FUR-FU-10004960,Furniture,Furnishings,"Deflect-O Photo Frame, Durable",59,3,0.4,-19.584,5.99,Medium,2014
ES-2014-2271414,2014-12-19,2014-12-23,Standard Class,Alan Schoenberger,Corporate,Rhône-Alpes,France,EU,Central,OFF-AP-10001266,Office Supplies,Appliances,"Hoover Toaster, Black",224,3,0.1,87.219,6.11,Medium,2014
MX-2014-126389,2014-12-19,2014-12-21,Second Class,Alan Shonely,Consumer,Coahuila,Mexico,LATAM,North,OFF-PA-10002363,Office Supplies,Paper,"Eaton Message Books, Recycled",109,8,0.0,33.76,6.43,High,2014
CA-2014-156664,2014-12-19,2014-12-24,Standard Class,Beth Paige,Consumer,Ohio,United States,US,East,OFF-PA-10002222,Office Supplies,Paper,"Xerox Color Copier Paper, 11"" x 17"", Ream",91,5,0.2,29.692,6.44,Medium,2014
ES-2014-4626156,2014-12-19,2014-12-21,Second Class,Dorothy Wardle,Corporate,Brittany,France,EU,Central,OFF-BI-10002674,Office Supplies,Binders,"Cardinal Binder Covers, Recycled",37,3,0.0,16.65,6.65,High,2014
CA-2014-115602,2014-12-19,2014-12-25,Standard Class,Doug Jacobs,Consumer,New York,United States,US,East,OFF-AR-10000462,Office Supplies,Art,Sanford Pocket Accent Highlighters,3,2,0.0,1.376,0.18,Medium,2014
ID-2014-78774,2014-12-19,2014-12-26,Standard Class,Harry Greene,Consumer,Queensland,Australia,APAC,Oceania,OFF-SU-10000178,Office Supplies,Supplies,"Acme Ruler, Easy Grip",66,4,0.1,-1.572,2.85,Medium,2014
ES-2014-1932820,2014-12-19,2014-12-21,Second Class,Brian Derr,Consumer,Abruzzi,Italy,EU,South,OFF-AR-10002852,Office Supplies,Art,"Stanley Pens, Fluorescent",57,5,0.0,4.95,5.17,Medium,2014
MX-2014-105725,2014-12-19,2014-12-26,Standard Class,Brendan Dodson,Home Office,Puebla,Mexico,LATAM,North,OFF-SU-10004480,Office Supplies,Supplies,"Fiskars Box Cutter, Serrated",64,3,0.0,27.66,2.75,Medium,2014
US-2014-102526,2014-12-19,2014-12-23,Standard Class,Natalie DeCherney,Consumer,Quintana Roo,Mexico,LATAM,North,FUR-FU-10000060,Furniture,Furnishings,"Advantus Light Bulb, Duo Pack",16,2,0.4,-9.696,0.82,Medium,2014
CA-2014-115602,2014-12-19,2014-12-25,Standard Class,Doug Jacobs,Consumer,New York,United States,US,East,OFF-AR-10002280,Office Supplies,Art,Staples,39,6,0.0,17.469,2.55,Medium,2014
IR-2014-2890,2014-12-19,2014-12-23,Standard Class,Theresa Coyne,Corporate,Fars,Iran,EMEA,EMEA,OFF-OIC-10000492,Office Supplies,Fasteners,"OIC Push Pins, 12 Pack",57,4,0.0,23.4,6.87,High,2014
IN-2014-18889,2014-12-19,2014-12-24,Second Class,Grace Kelly,Corporate,Bangkok,Thailand,APAC,Southeast Asia,OFF-BI-10000698,Office Supplies,Binders,"Wilson Jones Hole Reinforcements, Recycled",8,2,0.17,1.7574,0.18,Medium,2014
US-2014-102526,2014-12-19,2014-12-23,Standard Class,Natalie DeCherney,Consumer,Quintana Roo,Mexico,LATAM,North,OFF-BI-10001892,Office Supplies,Binders,"Ibico Hole Reinforcements, Recycled",15,3,0.0,3.48,0.33,Medium,2014
CA-2014-156664,2014-12-19,2014-12-24,Standard Class,Beth Paige,Consumer,Ohio,United States,US,East,OFF-FA-10002988,Office Supplies,Fasteners,Ideal Clamps,5,3,0.2,1.7487,0.53,Medium,2014
CA-2014-156664,2014-12-19,2014-12-24,Standard Class,Beth Paige,Consumer,Ohio,United States,US,East,OFF-BI-10004209,Office Supplies,Binders,"Fellowes Twister Kit, Gray/Clear, 3/pkg",7,3,0.7,-6.03,0.57,Medium,2014
CA-2014-158736,2014-12-19,2014-12-25,Standard Class,Tonja Turnell,Home Office,California,United States,US,West,OFF-AR-10002578,Office Supplies,Art,Newell 335,6,2,0.0,1.6704,0.59,Low,2014
MX-2014-148684,2014-12-19,2014-12-25,Standard Class,Andy Gerbode,Corporate,Alagoas,Brazil,LATAM,South,OFF-EN-10000358,Office Supplies,Envelopes,"Cameo Business Envelopes, Recycled",11,1,0.0,5.04,0.66,Low,2014
CA-2014-143252,2014-12-19,2014-12-25,Standard Class,Harold Engle,Corporate,Wisconsin,United States,US,Central,TEC-AC-10002331,Technology,Accessories,"Maxell 74 Minute CDR, 10/Pack",29,3,0.0,10.8558,0.82,Medium,2014
CA-2014-105886,2014-12-19,2014-12-24,Standard Class,Duane Benoit,Consumer,New York,United States,US,East,FUR-FU-10001037,Furniture,Furnishings,"DAX Charcoal/Nickel-Tone Document Frame, 5 x 7",19,2,0.0,8.532,0.84,Medium,2014
CA-2014-102099,2014-12-19,2014-12-20,First Class,Emily Phan,Consumer,California,United States,US,West,OFF-PA-10003172,Office Supplies,Paper,Xerox 1996,13,2,0.0,6.2208,0.94,Medium,2014
IN-2014-18889,2014-12-19,2014-12-24,Second Class,Grace Kelly,Corporate,Bangkok,Thailand,APAC,Southeast Asia,OFF-FA-10000027,Office Supplies,Fasteners,"Stockwell Rubber Bands, Bulk Pack",26,3,0.47,0.4626,2.74,Medium,2014
TO-2014-1980,2014-12-19,2014-12-25,Standard Class,Jesus Ocampo,Home Office,Maritime,Togo,Africa,Africa,FUR-SAF-10000565,Furniture,Chairs,"SAFCO Bag Chairs, Adjustable",52,1,0.0,9.33,1.03,Medium,2014
UP-2014-7980,2014-12-19,2014-12-24,Second Class,Dennis Pardue,Home Office,Volyn,Ukraine,EMEA,EMEA,OFF-BOS-10004950,Office Supplies,Art,"Boston Pens, Fluorescent",15,1,0.0,2.61,1.09,Medium,2014
CA-2014-102099,2014-12-19,2014-12-20,First Class,Emily Phan,Consumer,California,United States,US,West,OFF-PA-10000289,Office Supplies,Paper,Xerox 213,32,5,0.0,15.552,1.09,Medium,2014
US-2014-100489,2014-12-19,2014-12-23,Standard Class,Muhammed MacIntyre,Corporate,Panama,Panama,LATAM,Central,OFF-SU-10002323,Office Supplies,Supplies,"Elite Shears, Steel",19,1,0.4,-12.376,1.1,Medium,2014
CA-2014-164000,2014-12-19,2014-12-23,Standard Class,Aaron Hawkins,Corporate,Pennsylvania,United States,US,East,OFF-AR-10003183,Office Supplies,Art,Avery Fluorescent Highlighter Four-Color Set,19,7,0.2,2.338,1.13,Medium,2014
ES-2014-1119560,2014-12-19,2014-12-20,First Class,Rick Reed,Corporate,Nord-Pas-de-Calais,France,EU,Central,OFF-AR-10000505,Office Supplies,Art,"Binney & Smith Pens, Easy-Erase",73,6,0.0,0.0,1.73,High,2014
IN-2014-86726,2014-12-19,2014-12-23,Standard Class,Jeremy Farry,Consumer,Hawke's Bay,New Zealand,APAC,Oceania,OFF-LA-10000473,Office Supplies,Labels,"Harbour Creations File Folder Labels, Alphabetical",17,2,0.0,6.3,1.77,High,2014
CG-2014-2730,2014-12-19,2014-12-23,Standard Class,Art Ferguson,Consumer,Kinshasa,Democratic Republic of the Congo,Africa,Africa,OFF-AVE-10004508,Office Supplies,Labels,"Avery Round Labels, Adjustable",20,4,0.0,3.36,2.08,High,2014
ES-2014-1311351,2014-12-19,2014-12-26,Standard Class,Joel Jenkins,Home Office,England,United Kingdom,EU,North,OFF-FA-10004799,Office Supplies,Fasteners,"Advantus Thumb Tacks, Bulk Pack",27,2,0.0,0.0,2.13,Low,2014
CA-2014-108287,2014-12-19,2014-12-21,First Class,Alex Grayson,Consumer,North Carolina,United States,US,South,OFF-AR-10001315,Office Supplies,Art,Newell 310,13,9,0.2,1.4256,2.35,Medium,2014
ES-2014-2271414,2014-12-19,2014-12-23,Standard Class,Alan Schoenberger,Corporate,Rhône-Alpes,France,EU,Central,OFF-PA-10001212,Office Supplies,Paper,"Xerox Message Books, Recycled",20,1,0.0,6.27,2.43,Medium,2014
CA-2014-102099,2014-12-19,2014-12-20,First Class,Emily Phan,Consumer,California,United States,US,West,OFF-AR-10003811,Office Supplies,Art,Newell 327,7,3,0.0,1.7901,1.05,Medium,2014
CA-2014-140585,2014-12-19,2014-12-24,Second Class,Russell Applegate,Consumer,California,United States,US,West,OFF-BI-10003364,Office Supplies,Binders,Binding Machine Supplies,47,2,0.2,16.3352,7.12,Medium,2014
CG-2014-2730,2014-12-19,2014-12-23,Standard Class,Art Ferguson,Consumer,Kinshasa,Democratic Republic of the Congo,Africa,Africa,OFF-CAR-10004661,Office Supplies,Binders,"Cardinal Binding Machine, Recycled",50,1,0.0,10.5,6.7,High,2014
IN-2014-48534,2014-12-19,2014-12-25,Standard Class,Ann Chong,Corporate,Maharashtra,India,APAC,Central Asia,OFF-EN-10002007,Office Supplies,Envelopes,"Kraft Clasp Envelope, with clear poly window",75,6,0.0,11.88,7.34,Medium,2014
TU-2014-540,2014-12-19,2014-12-22,First Class,Dario Medina,Corporate,Konya,Turkey,EMEA,EMEA,FUR-HAR-10004086,Furniture,Chairs,"Harbour Creations Steel Folding Chair, Black",76,2,0.6,-84.012,17.3,High,2014
ES-2014-1932820,2014-12-19,2014-12-21,Second Class,Brian Derr,Consumer,Abruzzi,Italy,EU,South,OFF-AR-10000110,Office Supplies,Art,"Binney & Smith Sketch Pad, Blue",139,3,0.0,36.09,19.72,Medium,2014
UP-2014-7980,2014-12-19,2014-12-24,Second Class,Dennis Pardue,Home Office,Volyn,Ukraine,EMEA,EMEA,TEC-SHA-10003039,Technology,Copiers,"Sharp Fax and Copier, Digital",168,1,0.0,57.18,20.04,Medium,2014
US-2014-165687,2014-12-19,2014-12-23,Standard Class,Larry Hughes,Consumer,Lima (city),Peru,LATAM,South,TEC-PH-10003361,Technology,Phones,"Samsung Signal Booster, with Caller ID",328,6,0.4,32.736,20.2,Medium,2014
ES-2014-4177777,2014-12-19,2014-12-23,Second Class,Scot Wooten,Consumer,Hainaut,Belgium,EU,Central,OFF-BI-10001622,Office Supplies,Binders,"Acco 3-Hole Punch, Durable",158,5,0.0,64.8,23.97,High,2014
ID-2014-74728,2014-12-19,2014-12-26,Standard Class,Julia West,Consumer,Tasmania,Australia,APAC,Oceania,FUR-CH-10000026,Furniture,Chairs,"SAFCO Rocking Chair, Black",159,2,0.4,-95.424,25.22,Low,2014
SF-2014-4320,2014-12-19,2014-12-19,Same Day,Duane Noonan,Consumer,Gauteng,South Africa,Africa,Africa,OFF-STO-10001791,Office Supplies,Fasteners,"Stockwell Clamps, Bulk Pack",77,4,0.0,16.92,26.25,Critical,2014
NI-2014-5830,2014-12-19,2014-12-26,Standard Class,Juliana Krohn,Consumer,Lagos,Nigeria,Africa,Africa,OFF-BRE-10003295,Office Supplies,Appliances,"Breville Microwave, Red",724,8,0.7,-1472.376,27.37,Medium,2014
ES-2014-2860064,2014-12-19,2014-12-20,First Class,Fred Hopkins,Corporate,North Rhine-Westphalia,Germany,EU,Central,FUR-CH-10002116,Furniture,Chairs,"SAFCO Rocking Chair, Black",119,1,0.1,1.302,34.25,Critical,2014
ES-2014-2271414,2014-12-19,2014-12-23,Standard Class,Alan Schoenberger,Corporate,Rhône-Alpes,France,EU,Central,TEC-AC-10003415,Technology,Accessories,"SanDisk Router, Erganomic",508,2,0.0,203.28,36.22,Medium,2014
ID-2014-78774,2014-12-19,2014-12-26,Standard Class,Harry Greene,Consumer,Queensland,Australia,APAC,Oceania,FUR-CH-10001752,Furniture,Chairs,"Harbour Creations Steel Folding Chair, Black",172,2,0.1,20.988,16.22,Medium,2014
ES-2014-2271414,2014-12-19,2014-12-23,Standard Class,Alan Schoenberger,Corporate,Rhône-Alpes,France,EU,Central,FUR-BO-10004630,Furniture,Bookcases,"Ikea Library with Doors, Mobile",659,2,0.1,-36.642,39.42,Medium,2014
IN-2014-67462,2014-12-19,2014-12-23,Standard Class,Victoria Brennan,Corporate,Jiangxi,China,APAC,North Asia,TEC-MA-10002134,Technology,Machines,"Konica Inkjet, Wireless",940,3,0.0,141.03,68.79,Medium,2014
CA-2014-115602,2014-12-19,2014-12-25,Standard Class,Doug Jacobs,Consumer,New York,United States,US,East,FUR-CH-10001708,Furniture,Chairs,Office Star - Contemporary Swivel Chair with Padded Adjustable Arms and Flex Back,1142,9,0.1,139.5702,72.49,Medium,2014
MX-2014-154305,2014-12-19,2014-12-21,Second Class,Patrick O'Brill,Consumer,Bogota,Colombia,LATAM,South,FUR-BO-10003323,Furniture,Bookcases,"Safco 3-Shelf Cabinet, Mobile",457,4,0.0,187.28,76.96,High,2014
ES-2014-1984595,2014-12-19,2014-12-19,Same Day,Harold Engle,Corporate,England,United Kingdom,EU,North,TEC-CO-10004567,Technology,Copiers,"Brother Fax Machine, Color",1600,5,0.0,719.85,91.1,Medium,2014
ES-2014-2271414,2014-12-19,2014-12-23,Standard Class,Alan Schoenberger,Corporate,Rhône-Alpes,France,EU,Central,TEC-CO-10000620,Technology,Copiers,"Brother Wireless Fax, Digital",965,3,0.15,-68.1525,101.77,Medium,2014
CA-2014-115602,2014-12-19,2014-12-25,Standard Class,Doug Jacobs,Consumer,New York,United States,US,East,OFF-AP-10000891,Office Supplies,Appliances,Kensington 7 Outlet MasterPiece HOMEOFFICE Power Control Center,1705,13,0.0,511.368,163.94,Medium,2014
ES-2014-4262012,2014-12-19,2014-12-25,Standard Class,Alyssa Tate,Home Office,Andalusía,Spain,EU,South,TEC-PH-10003762,Technology,Phones,"Motorola Smart Phone, Full Size",4627,8,0.1,1439.448,166.71,Medium,2014
IR-2014-2890,2014-12-19,2014-12-23,Standard Class,Theresa Coyne,Corporate,Fars,Iran,EMEA,EMEA,TEC-HEW-10001074,Technology,Copiers,"Hewlett Fax Machine, Color",1285,4,0.0,449.88,176.01,High,2014
IN-2014-34226,2014-12-19,2014-12-20,First Class,Don Weiss,Consumer,Pahang,Malaysia,APAC,Southeast Asia,TEC-PH-10003002,Technology,Phones,"Cisco Smart Phone, Full Size",1954,3,0.0,312.66,498.38,Critical,2014
TO-2014-1980,2014-12-19,2014-12-25,Standard Class,Jesus Ocampo,Home Office,Maritime,Togo,Africa,Africa,TEC-BEL-10000681,Technology,Accessories,"Belkin Mouse, USB",164,4,0.0,24.48,7.27,Medium,2014
ES-2014-3240549,2014-12-19,2014-12-23,Standard Class,Jim Radford,Consumer,Madrid,Spain,EU,South,OFF-ST-10000695,Office Supplies,Storage,"Rogers Lockers, Wire Frame",758,4,0.1,126.324,48.27,High,2014
MX-2014-148684,2014-12-19,2014-12-25,Standard Class,Andy Gerbode,Corporate,Alagoas,Brazil,LATAM,South,OFF-ST-10004532,Office Supplies,Storage,"Tenex File Cart, Single Width",268,3,0.0,88.5,16.0,Low,2014
IN-2014-18889,2014-12-19,2014-12-24,Second Class,Grace Kelly,Corporate,Bangkok,Thailand,APAC,Southeast Asia,OFF-AP-10003800,Office Supplies,Appliances,"Hoover Microwave, Silver",770,3,0.17,232.0011,22.41,Medium,2014
SF-2014-4320,2014-12-19,2014-12-19,Same Day,Duane Noonan,Consumer,Gauteng,South Africa,Africa,Africa,TEC-EPS-10004171,Technology,Machines,"Epson Calculator, Red",44,1,0.0,15.66,15.32,Critical,2014
GV-2014-7870,2014-12-19,2014-12-23,Standard Class,Christina DeMoss,Consumer,Nzérékoré,Guinea,Africa,Africa,OFF-TEN-10001160,Office Supplies,Storage,"Tenex Trays, Industrial",109,2,0.0,10.92,7.41,Medium,2014
ES-2014-1311351,2014-12-19,2014-12-26,Standard Class,Joel Jenkins,Home Office,England,United Kingdom,EU,North,OFF-AR-10000711,Office Supplies,Art,"BIC Pens, Easy-Erase",44,3,0.0,9.54,7.52,Low,2014
ES-2014-3019536,2014-12-19,2014-12-21,First Class,Sean Wendt,Home Office,Aquitaine,France,EU,Central,OFF-EN-10003049,Office Supplies,Envelopes,"GlobeWeis Clasp Envelope, Security-Tint",37,3,0.0,13.95,7.64,High,2014
MX-2014-137736,2014-12-19,2014-12-24,Standard Class,Peter McVee,Home Office,Santa Catarina,Brazil,LATAM,South,OFF-AR-10000833,Office Supplies,Art,"Sanford Canvas, Easy-Erase",68,2,0.0,1.32,7.94,Medium,2014
ID-2014-78774,2014-12-19,2014-12-26,Standard Class,Harry Greene,Consumer,Queensland,Australia,APAC,Oceania,OFF-EN-10004526,Office Supplies,Envelopes,"GlobeWeis Mailers, Recycled",134,4,0.1,52.26,8.23,Medium,2014
CA-2014-140585,2014-12-19,2014-12-24,Second Class,Russell Applegate,Consumer,California,United States,US,West,TEC-AC-10003610,Technology,Accessories,Logitech Illuminated - Keyboard,120,2,0.0,57.5904,15.47,Medium,2014
TU-2014-5310,2014-12-19,2014-12-23,Standard Class,Justin MacKendrick,Consumer,Istanbul,Turkey,EMEA,EMEA,TEC-CIS-10001661,Technology,Phones,"Cisco Signal Booster, VoIP",122,2,0.6,-164.124,8.59,Medium,2014
ES-2014-1984595,2014-12-19,2014-12-19,Same Day,Harold Engle,Corporate,England,United Kingdom,EU,North,OFF-BI-10001804,Office Supplies,Binders,"Avery Binder, Recycled",80,6,0.0,36.54,9.15,Medium,2014
IN-2014-38272,2014-12-19,2014-12-22,Second Class,Jane Waco,Corporate,New South Wales,Australia,APAC,Oceania,OFF-LA-10004400,Office Supplies,Labels,"Hon Legal Exhibit Labels, Laser Printer Compatible",117,12,0.1,7.488,9.44,Medium,2014
ES-2014-1311351,2014-12-19,2014-12-26,Standard Class,Joel Jenkins,Home Office,England,United Kingdom,EU,North,OFF-SU-10004496,Office Supplies,Supplies,"Kleencut Scissors, Easy Grip",48,2,0.0,10.5,9.66,Low,2014
CA-2014-143252,2014-12-19,2014-12-25,Standard Class,Harold Engle,Corporate,Wisconsin,United States,US,Central,FUR-FU-10001057,Furniture,Furnishings,Tensor Track Tree Floor Lamp,100,5,0.0,22.9885,9.89,Medium,2014
US-2014-102526,2014-12-19,2014-12-23,Standard Class,Natalie DeCherney,Consumer,Quintana Roo,Mexico,LATAM,North,FUR-CH-10004478,Furniture,Chairs,"Hon Steel Folding Chair, Adjustable",90,2,0.2,-1.136,8.27,Medium,2014
IR-2014-2890,2014-12-19,2014-12-23,Standard Class,Theresa Coyne,Corporate,Fars,Iran,EMEA,EMEA,FUR-SAF-10004664,Furniture,Chairs,"SAFCO Steel Folding Chair, Set of Two",88,1,0.0,37.8,10.68,High,2014
US-2014-165687,2014-12-19,2014-12-23,Standard Class,Larry Hughes,Consumer,Lima (city),Peru,LATAM,South,TEC-CO-10000262,Technology,Copiers,"Brother Ink, Laser",117,2,0.402,-45.5928,9.97,Medium,2014
CG-2014-2730,2014-12-19,2014-12-23,Standard Class,Art Ferguson,Consumer,Kinshasa,Democratic Republic of the Congo,Africa,Africa,FUR-HAR-10001089,Furniture,Chairs,"Harbour Creations Rocking Chair, Black",145,1,0.0,43.38,14.98,High,2014
ID-2014-78774,2014-12-19,2014-12-26,Standard Class,Harry Greene,Consumer,Queensland,Australia,APAC,Oceania,TEC-MA-10001991,Technology,Machines,"Konica Calculator, White",315,7,0.1,41.832,14.71,Medium,2014
IN-2014-67462,2014-12-19,2014-12-23,Standard Class,Victoria Brennan,Corporate,Jiangxi,China,APAC,North Asia,OFF-ST-10002395,Office Supplies,Storage,"Rogers Lockers, Single Width",212,1,0.0,93.12,13.41,Medium,2014
CA-2014-140585,2014-12-19,2014-12-24,Second Class,Russell Applegate,Consumer,California,United States,US,West,FUR-BO-10002206,Furniture,Bookcases,"Bush Saratoga Collection 5-Shelf Bookcase, Hanover Cherry, *Special Order",120,1,0.15,-12.6882,13.47,Medium,2014
TO-2014-1980,2014-12-19,2014-12-25,Standard Class,Jesus Ocampo,Home Office,Maritime,Togo,Africa,Africa,FUR-HON-10001627,Furniture,Chairs,"Hon Swivel Stool, Adjustable",332,2,0.0,43.14,11.65,Medium,2014
TO-2014-1980,2014-12-19,2014-12-25,Standard Class,Jesus Ocampo,Home Office,Maritime,Togo,Africa,Africa,OFF-HAM-10004471,Office Supplies,Appliances,"Hamilton Beach Coffee Grinder, Silver",174,4,0.0,36.36,11.45,Medium,2014
ES-2014-2271414,2014-12-19,2014-12-23,Standard Class,Alan Schoenberger,Corporate,Rhône-Alpes,France,EU,Central,TEC-CO-10000407,Technology,Copiers,"HP Copy Machine, Color",206,1,0.15,12.0765,11.44,Medium,2014
IN-2014-67462,2014-12-19,2014-12-23,Standard Class,Victoria Brennan,Corporate,Jiangxi,China,APAC,North Asia,OFF-BI-10001293,Office Supplies,Binders,"Acco 3-Hole Punch, Clear",118,4,0.0,1.08,10.83,Medium,2014
ES-2014-2271414,2014-12-19,2014-12-23,Standard Class,Alan Schoenberger,Corporate,Rhône-Alpes,France,EU,Central,OFF-BI-10003774,Office Supplies,Binders,"Cardinal 3-Hole Punch, Durable",212,7,0.0,97.44,12.45,Medium,2014
SF-2014-7520,2014-12-20,2014-12-22,Second Class,Bryan Spruell,Home Office,Gauteng,South Africa,Africa,Africa,FUR-DEF-10000349,Furniture,Furnishings,"Deflect-O Stacking Tray, Durable",25,1,0.0,1.26,4.25,High,2014
SF-2014-7520,2014-12-20,2014-12-22,Second Class,Bryan Spruell,Home Office,Gauteng,South Africa,Africa,Africa,FUR-ADV-10001659,Furniture,Furnishings,"Advantus Light Bulb, Durable",17,1,0.0,4.08,2.5,High,2014
CA-2014-116946,2014-12-20,2014-12-24,Standard Class,Tony Sayre,Consumer,Colorado,United States,US,West,OFF-ST-10002554,Office Supplies,Storage,Tennsco Industrial Shelving,78,2,0.2,-17.6076,4.24,Medium,2014
CA-2014-128160,2014-12-20,2014-12-25,Second Class,Michael Moore,Consumer,California,United States,US,West,OFF-BI-10001510,Office Supplies,Binders,Deluxe Heavy-Duty Vinyl Round Ring Binder,37,2,0.2,11.46,3.08,Medium,2014
TU-2014-4210,2014-12-20,2014-12-25,Standard Class,Barry Pond,Corporate,Istanbul,Turkey,EMEA,EMEA,OFF-HAR-10004011,Office Supplies,Labels,"Harbour Creations File Folder Labels, Alphabetical",21,6,0.6,-24.12,2.95,High,2014
SG-2014-1610,2014-12-20,2014-12-25,Standard Class,Max Engle,Consumer,Dakar,Senegal,Africa,Africa,OFF-ACM-10002301,Office Supplies,Supplies,"Acme Trimmer, Serrated",41,1,0.0,4.95,2.34,Medium,2014
ID-2014-3000,2014-12-20,2014-12-24,Standard Class,Susan Vittorini,Consumer,Jawa Barat,Indonesia,APAC,Southeast Asia,OFF-BOS-10001753,Office Supplies,Art,"Boston Highlighters, Water Color",4,1,0.4,-2.36,0.56,Medium,2014
IT-2014-5534774,2014-12-20,2014-12-24,Standard Class,Becky Martin,Consumer,England,United Kingdom,EU,North,FUR-FU-10001692,Furniture,Furnishings,"Deflect-O Clock, Durable",47,5,0.8,-113.76,1.98,Medium,2014
ES-2014-1728888,2014-12-20,2014-12-25,Standard Class,Joseph Holt,Consumer,Ile-de-France,France,EU,Central,OFF-SU-10001086,Office Supplies,Supplies,"Fiskars Scissors, Easy Grip",50,2,0.0,5.94,1.25,Medium,2014
CA-2014-116946,2014-12-20,2014-12-24,Standard Class,Tony Sayre,Consumer,Colorado,United States,US,West,FUR-FU-10000320,Furniture,Furnishings,OIC Stacking Trays,13,5,0.2,4.008,0.59,Medium,2014
MX-2014-136623,2014-12-20,2014-12-22,Second Class,Nicole Fjeld,Home Office,Santo Domingo,Dominican Republic,LATAM,Caribbean,OFF-FA-10001815,Office Supplies,Fasteners,"Advantus Push Pins, Bulk Pack",15,2,0.2,3.832,0.17,Medium,2014
ID-2014-68953,2014-12-20,2014-12-24,Standard Class,Chad Sievert,Consumer,Jakarta,Indonesia,APAC,Southeast Asia,OFF-AR-10004656,Office Supplies,Art,"Boston Sketch Pad, Easy-Erase",71,2,0.27,-4.9098,4.62,High,2014
SF-2014-7520,2014-12-20,2014-12-22,Second Class,Bryan Spruell,Home Office,Gauteng,South Africa,Africa,Africa,OFF-CAR-10004229,Office Supplies,Binders,"Cardinal Index Tab, Clear",15,2,0.0,5.04,2.0,High,2014
ES-2014-1728888,2014-12-20,2014-12-25,Standard Class,Joseph Holt,Consumer,Ile-de-France,France,EU,Central,OFF-ST-10003764,Office Supplies,Storage,"Tenex Box, Industrial",107,7,0.1,43.974,5.14,Medium,2014
SY-2014-10,2014-12-20,2014-12-22,Second Class,Bart Pistole,Corporate,Hims,Syria,EMEA,EMEA,TEC-HEW-10003829,Technology,Copiers,"Hewlett Wireless Fax, High-Speed",378,1,0.0,185.4,42.22,High,2014
EG-2014-6790,2014-12-20,2014-12-22,Second Class,Christopher Schild,Home Office,Al Qahirah,Egypt,Africa,Africa,FUR-OFF-10002486,Furniture,Chairs,"Office Star Bag Chairs, Black",53,1,0.0,21.72,7.09,High,2014
US-2014-154487,2014-12-20,2014-12-24,Standard Class,Brad Norvell,Corporate,Nuevo León,Mexico,LATAM,North,OFF-AP-10002252,Office Supplies,Appliances,"Cuisinart Stove, Black",2509,7,0.0,426.58,320.96,High,2014
CA-2014-158729,2014-12-20,2014-12-22,First Class,Amy Cox,Consumer,Louisiana,United States,US,South,OFF-SU-10002881,Office Supplies,Supplies,Martin Yale Chadless Opener Electric Letter Opener,1666,2,0.0,33.3124,287.77,High,2014
ID-2014-61526,2014-12-20,2014-12-24,Standard Class,Theresa Coyne,Corporate,Cordillera,Philippines,APAC,Southeast Asia,FUR-CH-10003846,Furniture,Chairs,"Office Star Swivel Stool, Set of Two",1189,9,0.25,-396.4275,225.78,High,2014
LY-2014-9830,2014-12-20,2014-12-24,Standard Class,Mick Brown,Consumer,Banghazi,Libya,Africa,Africa,OFF-STI-10001136,Office Supplies,Supplies,"Stiletto Letter Opener, Easy Grip",60,2,0.0,11.4,6.78,Medium,2014
ID-2014-61526,2014-12-20,2014-12-24,Standard Class,Theresa Coyne,Corporate,Cordillera,Philippines,APAC,Southeast Asia,TEC-CO-10004263,Technology,Copiers,"Hewlett Personal Copier, Laser",281,3,0.35,-134.2035,35.99,High,2014
ID-2014-3000,2014-12-20,2014-12-24,Standard Class,Susan Vittorini,Consumer,Jawa Barat,Indonesia,APAC,Southeast Asia,FUR-SAF-10000204,Furniture,Bookcases,"Safco Library with Doors, Metal",311,3,0.2,-31.14,31.12,Medium,2014
SF-2014-7520,2014-12-20,2014-12-22,Second Class,Bryan Spruell,Home Office,Gauteng,South Africa,Africa,Africa,OFF-SAN-10001542,Office Supplies,Paper,"SanDisk Note Cards, Multicolor",204,6,0.0,85.5,32.29,High,2014
SY-2014-10,2014-12-20,2014-12-22,Second Class,Bart Pistole,Corporate,Hims,Syria,EMEA,EMEA,OFF-ROG-10004646,Office Supplies,Storage,"Rogers File Cart, Blue",84,1,0.4,-54.888,11.73,High,2014
SY-2014-10,2014-12-20,2014-12-22,Second Class,Bart Pistole,Corporate,Hims,Syria,EMEA,EMEA,OFF-WIL-10003532,Office Supplies,Binders,"Wilson Jones Binding Machine, Economy",49,1,0.0,17.61,11.3,High,2014
SF-2014-7520,2014-12-20,2014-12-22,Second Class,Bryan Spruell,Home Office,Gauteng,South Africa,Africa,Africa,OFF-ENE-10003409,Office Supplies,Paper,"Enermax Memo Slips, Recycled",62,4,0.0,11.76,10.78,High,2014
CA-2014-116946,2014-12-20,2014-12-24,Standard Class,Tony Sayre,Consumer,Colorado,United States,US,West,FUR-BO-10000468,Furniture,Bookcases,O'Sullivan 2-Shelf Heavy-Duty Bookcases,102,7,0.7,-183.6324,9.21,Medium,2014
US-2014-154487,2014-12-20,2014-12-24,Standard Class,Brad Norvell,Corporate,Nuevo León,Mexico,LATAM,North,FUR-FU-10003036,Furniture,Furnishings,"Eldon Door Stop, Durable",132,7,0.4,-2.268,9.12,High,2014
IT-2014-1390635,2014-12-20,2014-12-25,Second Class,John Stevenson,Consumer,Setúbal,Portugal,EU,South,FUR-BO-10000155,Furniture,Bookcases,"Dania Corner Shelving, Metal",182,3,0.5,-11.025,17.96,Medium,2014
CA-2014-105480,2014-12-21,2014-12-27,Standard Class,Dean Katz,Corporate,New York,United States,US,East,OFF-PA-10002787,Office Supplies,Paper,Xerox 227,6,1,0.0,3.1104,0.32,Medium,2014
CA-2014-105480,2014-12-21,2014-12-27,Standard Class,Dean Katz,Corporate,New York,United States,US,East,OFF-BI-10003291,Office Supplies,Binders,Wilson Jones Leather-Like Binders with DublLock Round Rings,7,1,0.2,2.3571,0.31,Medium,2014
TU-2014-9620,2014-12-21,2014-12-28,Standard Class,Sue Ann Reed,Consumer,Sanliurfa,Turkey,EMEA,EMEA,OFF-SAN-10003368,Office Supplies,Art,"Sanford Pens, Blue",18,4,0.6,-16.08,0.87,Medium,2014
CA-2014-102197,2014-12-21,2014-12-27,Standard Class,David Kendrick,Corporate,New York,United States,US,East,OFF-PA-10001970,Office Supplies,Paper,Xerox 1908,280,5,0.0,137.151,18.52,Medium,2014
CA-2014-102197,2014-12-21,2014-12-27,Standard Class,David Kendrick,Corporate,New York,United States,US,East,OFF-PA-10004156,Office Supplies,Paper,Xerox 188,34,3,0.0,16.6698,4.32,Medium,2014
CA-2014-102197,2014-12-21,2014-12-27,Standard Class,David Kendrick,Corporate,New York,United States,US,East,OFF-BI-10001524,Office Supplies,Binders,GBC Premium Transparent Covers with Diagonal Lined Pattern,50,3,0.2,17.6232,3.38,Medium,2014
